Tue Aug 18 16:41:09 2020,user,svc_latency,"[('user', 0.4815155769314019), ('user-db', 0.4092916684158698), ('orders', 0.08855954457973352), ('payment', 0.017043752157141222), ('orders-db', 0.0150552586116221), ('shipping', 0.009084817215747457), ('rabbitmq', 0.0077218942397749984), ('carts', 0.002433616226901452), ('carts-db', 0.002068322315926779), ('unknown', 0.0), ('front-end', 0.0), ('queue-master', 0.0), ('catalogue-db', -0.015058604947732342), ('catalogue', -0.017715845746386866)]",,,
Tue Aug 18 16:41:19 2020,user,svc_latency,"[('user', 0.4812495455256687), ('user-db', 0.4090655835130069), ('orders', 0.08893580634506047), ('payment', 0.01669712522968212), ('orders-db', 0.015119225482083784), ('shipping', 0.009391469532659149), ('rabbitmq', 0.007982547350892702), ('carts', 0.0024549476443397143), ('carts-db', 0.0020864497721509593), ('front-end', 0.0), ('unknown', 0.0), ('queue-master', 0.0), ('catalogue-db', -0.015154288681410541), ('catalogue', -0.01782841171413388)]",,,
Tue Aug 18 16:41:29 2020,user,svc_latency,"[('user', 0.480926104008209), ('user-db', 0.4087906602084476), ('orders', 0.08950579553515907), ('payment', 0.016365145721814328), ('orders-db', 0.015216124783155925), ('shipping', 0.009634835736213088), ('rabbitmq', 0.008189408392214556), ('carts', 0.0024602208457109084), ('carts-db', 0.0020909298081050833), ('front-end', 0.0), ('unknown', 0.0), ('queue-master', 0.0), ('catalogue-db', -0.01524458437099873), ('catalogue', -0.017934640668030747)]",,,
Tue Aug 18 16:41:39 2020,user,svc_latency,"[('user', 0.4807276983490897), ('user-db', 0.4086220277797622), ('orders', 0.08982748041741076), ('payment', 0.016142734239089507), ('orders-db', 0.015270812316546277), ('shipping', 0.009848987250769131), ('rabbitmq', 0.008371437001423036), ('carts', 0.0024280630849853237), ('carts-db', 0.0020635933646865425), ('front-end', 0.0), ('unknown', 0.0), ('queue-master', 0.0), ('catalogue-db', -0.015301378194756125), ('catalogue', -0.01800145560900603)]",,,
Tue Aug 18 16:44:30 2020,user,svc_latency,"[('user', 0.5096022848217701), ('user-db', 0.4331589237053077), ('payment', 0.07641958278542732), ('shipping', 0.04112760132280079), ('orders', 0.0390895579044913), ('rabbitmq', 0.03495830812300626), ('orders-db', 0.006645177026067703), ('front-end', 0.0), ('queue-master', 0.0), ('unknown', 0.0), ('carts-db', -0.01521358008185483), ('carts', -0.017898574246885224), ('catalogue-db', -0.049570558083146365), ('catalogue', -0.05831872327698488)]",,,
Tue Aug 18 16:44:40 2020,user,svc_latency,"[('user', 0.5166286838530323), ('user-db', 0.43913171542555146), ('payment', 0.1252932279324634), ('shipping', 0.07710499657842684), ('rabbitmq', 0.06553885361309279), ('orders', 0.002354905179785381), ('orders-db', 0.00040033144555566905), ('front-end', 0.0), ('unknown', 0.0), ('queue-master', 0.0), ('carts-db', -0.02593769704696877), ('carts', -0.030515129379589247), ('catalogue-db', -0.07810779966056791), ('catalogue', -0.09189208794078231)]",,,
Tue Aug 18 16:44:50 2020,user,svc_latency,"[('user', 0.5120903711930378), ('user-db', 0.4352740017977397), ('payment', 0.10798935452662983), ('shipping', 0.07026889778435708), ('rabbitmq', 0.05972822988939277), ('orders', 0.025760842861192908), ('orders-db', 0.004379314360924063), ('front-end', 0.0), ('queue-master', 0.0), ('unknown', 0.0), ('carts-db', -0.023884811621318346), ('carts', -0.028100036070819914), ('catalogue-db', -0.07512418584641949), ('catalogue', -0.08838197887471648)]",,,
Tue Aug 18 16:45:00 2020,user,svc_latency,"[('user', 0.5067496222124926), ('user-db', 0.4307400864167581), ('payment', 0.09053427459177625), ('orders', 0.057603247990129086), ('shipping', 0.04820404460280949), ('rabbitmq', 0.04097358026525821), ('orders-db', 0.009792621631694004), ('front-end', 0.0), ('queue-master', 0.0), ('unknown', 0.0), ('carts-db', -0.019935869998716875), ('carts', -0.023453623802198578), ('catalogue-db', -0.06487959276175213), ('catalogue', -0.07632839114825045)]",,,
Tue Aug 18 16:45:10 2020,user,svc_latency,"[('user', 0.4979076735015892), ('user-db', 0.42321865995337543), ('orders', 0.07021734741960008), ('payment', 0.05693610598174567), ('shipping', 0.03556472029490873), ('rabbitmq', 0.03022997211884956), ('orders-db', 0.011936863332407744), ('unknown', 0.0), ('front-end', 0.0), ('queue-master', 0.0), ('carts-db', -0.011543877407653242), ('carts', -0.013581337988140882), ('catalogue-db', -0.046352905527262185), ('catalogue', -0.0545332216794202)]",,,
Tue Aug 18 16:45:20 2020,user,svc_latency,"[('user', 0.4929631600416749), ('user-db', 0.41901539329758014), ('orders', 0.07638091745070673), ('payment', 0.04268410102971753), ('shipping', 0.028154687369693048), ('rabbitmq', 0.02393150526022093), ('orders-db', 0.012984647058954019), ('queue-master', 0.0), ('front-end', 0.0), ('unknown', 0.0), ('carts-db', -0.007278691524688807), ('carts', -0.008563499168994985), ('catalogue-db', -0.03688166397334646), ('catalogue', -0.04339055684151662)]",,,
Tue Aug 18 16:45:30 2020,user,svc_latency,"[('user', 0.49172919975488616), ('user-db', 0.4179657268617786), ('orders', 0.07868412172253048), ('payment', 0.03861565968047159), ('shipping', 0.020067693307129007), ('rabbitmq', 0.01705764484841127), ('orders-db', 0.013376160612411592), ('front-end', 0.0), ('unknown', 0.0), ('queue-master', 0.0), ('carts-db', -0.004933431196572285), ('carts', -0.0058044318036795245), ('catalogue-db', -0.03067257892105009), ('catalogue', -0.03608576486631626)]",,,
Tue Aug 18 16:45:40 2020,user,svc_latency,"[('user', 0.48760281328931704), ('user-db', 0.4144589441930223), ('orders', 0.08334089052952044), ('payment', 0.030195982217121758), ('shipping', 0.0186428644681784), ('rabbitmq', 0.015846548043028097), ('orders-db', 0.014167824845066627), ('front-end', 0.0), ('queue-master', 0.0), ('unknown', 0.0), ('carts-db', -0.002917467814045557), ('carts', -0.003432645478333888), ('catalogue-db', -0.02660521811621806), ('catalogue', -0.03130053617665707)]",,,
Tue Aug 18 16:45:50 2020,user,svc_latency,"[('user', 0.48523032932057203), ('user-db', 0.41244908030013194), ('orders', 0.08595021155028354), ('payment', 0.025585241247490183), ('shipping', 0.01739374101338734), ('rabbitmq', 0.014784554852627375), ('orders-db', 0.014611661824882216), ('front-end', 0.0), ('unknown', 0.0), ('queue-master', 0.0), ('carts-db', -0.0016977525628711254), ('carts', -0.0019970418582292947), ('catalogue-db', -0.024034448033500987), ('catalogue', -0.02827557765477314)]",,,
Tue Aug 18 16:46:00 2020,user,svc_latency,"[('user', 0.4860513606643172), ('user-db', 0.41314721978559077), ('orders', 0.08399728648171237), ('payment', 0.025868971370598133), ('shipping', 0.01562773417217977), ('orders-db', 0.014279671016492607), ('rabbitmq', 0.01328343215266349), ('front-end', 0.0), ('queue-master', 0.0), ('unknown', 0.0), ('carts-db', -0.0013868571219167675), ('carts', -0.0016312697578586798), ('catalogue-db', -0.022622770848914456), ('catalogue', -0.026614777914864614)]",,,
Tue Aug 18 16:48:40 2020,carts,svc_latency,"[('carts', 0.4608430932824272), ('carts-db', 0.3917139127999812), ('user', 0.16021273669210756), ('user-db', 0.13617995273112415), ('payment', 0.07392878541025326), ('orders', 0.04302300142102422), ('shipping', 0.016310816185344766), ('rabbitmq', 0.01386420249996129), ('orders-db', 0.007313857490542183), ('queue-master', 0.0), ('front-end', 0.0), ('unknown', 0.0), ('catalogue-db', -0.13939502667695686), ('catalogue', -0.1639953318358093)]",,,
Tue Aug 18 16:48:50 2020,carts,svc_latency,"[('carts', 0.488007692021419), ('carts-db', 0.4148086004269352), ('payment', 0.18752792301314786), ('shipping', 0.09068856470432855), ('rabbitmq', 0.07708565224513811), ('user', 0.06041237477240371), ('user-db', 0.051350762025867566), ('orders', 0.006909334837142133), ('orders-db', 0.001174592799964839), ('front-end', 0.0), ('unknown', 0.0), ('queue-master', 0.0), ('catalogue-db', -0.17366029260203764), ('catalogue', -0.2043052042443088)]",,,
Tue Aug 18 16:49:00 2020,carts,svc_latency,"[('carts', 0.5149231976259918), ('carts-db', 0.4376874949757812), ('payment', 0.1233431613574203), ('shipping', 0.08264524594698158), ('rabbitmq', 0.07024887945247954), ('orders', 0.012959027499352082), ('orders-db', 0.0022030488043147316), ('front-end', 0.0), ('unknown', 0.0), ('queue-master', 0.0), ('user-db', -0.05292642273660011), ('catalogue-db', -0.05918671051117387), ('user', -0.06226594487030957), ('catalogue', -0.06963097754423762)]",,,
Tue Aug 18 16:49:10 2020,carts,svc_latency,"[('carts', 0.5060024515738488), ('carts-db', 0.4300981891441854), ('payment', 0.051722935321624953), ('shipping', 0.036250780165757085), ('orders', 0.031184398373235146), ('rabbitmq', 0.030812974994732078), ('orders-db', 0.005301298511724496), ('front-end', 0.0), ('unknown', 0.0), ('queue-master', 0.0), ('user-db', -0.017879422251889997), ('user', -0.02103492484135583), ('catalogue-db', -0.02410251627052091), ('catalogue', -0.028356164721341275)]",,,
Tue Aug 18 16:49:20 2020,carts,svc_latency,"[('carts', 0.5009981651086415), ('carts-db', 0.42584450934682755), ('orders', 0.035920720845316154), ('payment', 0.03523639871802694), ('shipping', 0.02520068940019988), ('rabbitmq', 0.02142049608215737), ('orders-db', 0.006106464546493142), ('queue-master', 0.0), ('front-end', 0.0), ('unknown', 0.0), ('user-db', -0.008534039982333841), ('user', -0.01004027596793508), ('catalogue-db', -0.01477298301286757), ('catalogue', -0.01738014508452561)]",,,
Tue Aug 18 16:49:30 2020,carts,svc_latency,"[('carts', 0.49829591730664036), ('carts-db', 0.42355561867462305), ('orders', 0.04079724452192987), ('payment', 0.029142985238536985), ('shipping', 0.019153160978253675), ('rabbitmq', 0.01628021432445363), ('orders-db', 0.006935600732594161), ('unknown', 0.0), ('front-end', 0.0), ('queue-master', 0.0), ('user-db', -0.004534422898841006), ('user', -0.005334403320055959), ('catalogue-db', -0.011161210555304833), ('catalogue', -0.01313070500282966)]",,,
Tue Aug 18 16:49:40 2020,carts,svc_latency,"[('carts', 0.49638032765506357), ('carts-db', 0.42192754625685114), ('orders', 0.040254208004473324), ('payment', 0.023299306345143517), ('shipping', 0.01707427938707115), ('rabbitmq', 0.014513150680476756), ('orders-db', 0.0068432868238618196), ('front-end', 0.0), ('unknown', 0.0), ('queue-master', 0.0), ('user-db', -0.0014728739110200727), ('user', -0.0017326119689043372), ('catalogue-db', -0.007850653170213297), ('catalogue', -0.009235966102803384)]",,,
Tue Aug 18 16:49:50 2020,carts,svc_latency,"[('carts', 0.49529533500263984), ('carts-db', 0.4209965646638974), ('orders', 0.04014112080863359), ('payment', 0.020208851002633265), ('shipping', 0.015647577911455955), ('rabbitmq', 0.013300439728726226), ('orders-db', 0.006823915743287142), ('user', 0.0003277902468190475), ('user-db', 0.00027876293911760605), ('queue-master', 0.0), ('unknown', 0.0), ('front-end', 0.0), ('catalogue-db', -0.0059822912273802585), ('catalogue', -0.007038066819829292)]",,,
Tue Aug 18 16:50:00 2020,carts,svc_latency,"[('carts', 0.49458953242319365), ('carts-db', 0.42040625445981156), ('orders', 0.0430280912863718), ('payment', 0.01980333328983442), ('shipping', 0.014320963634095523), ('rabbitmq', 0.01217279428772959), ('orders-db', 0.007314868276607694), ('user', 0.0007592638659259209), ('user-db', 0.0006452033064301482), ('front-end', 0.0), ('unknown', 0.0), ('queue-master', 0.0), ('catalogue-db', -0.005991532477054483), ('catalogue', -0.007048772352945763)]",,,
Tue Aug 18 16:50:10 2020,carts,svc_latency,"[('carts', 0.4939865040233044), ('carts-db', 0.41989273387758336), ('orders', 0.04173301177304732), ('payment', 0.01752259492067231), ('shipping', 0.01382169112779607), ('rabbitmq', 0.011748417701580003), ('orders-db', 0.007094685447424561), ('user', 0.0021896497634309176), ('user-db', 0.0018610801856114095), ('front-end', 0.0), ('unknown', 0.0), ('queue-master', 0.0), ('catalogue-db', -0.004525870459652045), ('catalogue', -0.005324498360797955)]",,,
Tue Aug 18 16:52:51 2020,catalogue,svc_latency,"[('carts', 0.49668441174795885), ('carts-db', 0.42218443113755505), ('payment', 0.10119680228300673), ('orders', 0.0884364808959874), ('shipping', 0.06606073762329308), ('rabbitmq', 0.056151780844652874), ('orders-db', 0.01503430555727624), ('front-end', 0.0), ('unknown', 0.0), ('queue-master', 0.0), ('user-db', -0.04822496981323455), ('user', -0.056734591770209356), ('catalogue-db', -0.0646872577654472), ('catalogue', -0.07610213074083888)]",,,
Tue Aug 18 16:53:01 2020,catalogue,svc_latency,"[('payment', 0.5301038960525538), ('shipping', 0.33980985080033893), ('rabbitmq', 0.28883875446147117), ('orders', 0.19893076479296012), ('carts', 0.0790260088818057), ('carts-db', 0.06717236214200582), ('orders-db', 0.03381824934290438), ('front-end', 0.0), ('unknown', 0.0), ('queue-master', 0.0), ('user-db', -0.10167061912165389), ('user', -0.11961267907707047), ('catalogue-db', -0.14538063952607064), ('catalogue', -0.17103594874924483)]",,,
Tue Aug 18 16:53:10 2020,catalogue,svc_latency,"[('payment', 0.5594914022311179), ('shipping', 0.39038736990362755), ('rabbitmq', 0.33182789502560034), ('orders', 0.08457504045812113), ('carts', 0.08087713230719228), ('carts-db', 0.0687453871298288), ('orders-db', 0.014377691621380546), ('front-end', 0.0), ('queue-master', 0.0), ('unknown', 0.0), ('user-db', -0.10750031715322102), ('user', -0.1264716961812813), ('catalogue-db', -0.13614205493438142), ('catalogue', -0.16016785040798454)]",,,
Tue Aug 18 16:53:21 2020,catalogue,svc_latency,"[('payment', 0.5505147766974859), ('shipping', 0.3671272468933782), ('rabbitmq', 0.31205895906577613), ('catalogue', 0.17866961618269733), ('catalogue-db', 0.15186952095741663), ('front-end', 0.0), ('queue-master', 0.0), ('unknown', 0.0), ('carts-db', -0.006764452509960638), ('carts', -0.007958262148738527), ('orders-db', -0.011799148737854832), ('orders', -0.06940659860467308), ('user-db', -0.2133326005746733), ('user', -0.25097905722085473)]",,,
Tue Aug 18 16:53:31 2020,catalogue,svc_latency,"[('catalogue', 0.43854299664949153), ('payment', 0.40545247360991976), ('catalogue-db', 0.37276056997445084), ('shipping', 0.21426310677633462), ('rabbitmq', 0.18212306583156523), ('front-end', 0.0), ('unknown', 0.0), ('queue-master', 0.0), ('orders-db', -0.014123519943624475), ('carts-db', -0.04894258389710033), ('carts', -0.05757954670419878), ('orders', -0.08307974686996075), ('user-db', -0.18811021485877866), ('user', -0.22130660056809875)]",,,
Tue Aug 18 16:53:40 2020,catalogue,svc_latency,"[('catalogue', 0.5083102250949406), ('catalogue-db', 0.4320617179184464), ('payment', 0.2495579210321187), ('shipping', 0.14915348755321653), ('rabbitmq', 0.1267797653904338), ('front-end', 0.0), ('unknown', 0.0), ('queue-master', 0.0), ('orders-db', -0.011527066151396086), ('carts-db', -0.038459442702369395), ('carts', -0.0452464686956649), ('orders', -0.06780658117929335), ('user-db', -0.13913486973206252), ('user', -0.1636886885283694)]",,,
Tue Aug 18 16:53:51 2020,catalogue,svc_latency,"[('catalogue', 0.5235072016029444), ('catalogue-db', 0.4449835442417188), ('payment', 0.17165284191565358), ('shipping', 0.1103909179951505), ('rabbitmq', 0.09383289391548058), ('unknown', 0.0), ('front-end', 0.0), ('queue-master', 0.0), ('orders-db', -0.008841385110409444), ('carts-db', -0.027278476741337654), ('carts', -0.032092271676256785), ('orders', -0.05200786453049298), ('user-db', -0.10298689157289917), ('user', -0.12116051003955265)]",,,
Tue Aug 18 16:54:01 2020,catalogue,svc_latency,"[('catalogue', 0.5295692055325213), ('catalogue-db', 0.4501310492801182), ('payment', 0.13995120287491836), ('shipping', 0.07440767768455987), ('rabbitmq', 0.06324605076290009), ('queue-master', 0.0), ('front-end', 0.0), ('unknown', 0.0), ('orders-db', -0.006633693262938472), ('carts-db', -0.02080624630788721), ('carts', -0.02447798739930022), ('orders', -0.03902196567665134), ('user-db', -0.07643789917258632), ('user', -0.08992739431565393)]",,,
Tue Aug 18 16:54:11 2020,catalogue,svc_latency,"[('catalogue', 0.5265327350638378), ('catalogue-db', 0.44755006736781583), ('payment', 0.11224202427179836), ('shipping', 0.06692497656865215), ('rabbitmq', 0.05688581042941008), ('front-end', 0.0), ('unknown', 0.0), ('queue-master', 0.0), ('orders-db', -0.0055127307556037345), ('carts-db', -0.016433578723663408), ('carts', -0.019333659769012336), ('orders', -0.03242802776781914), ('user-db', -0.0626827876502232), ('user', -0.07374482903519212)]",,,
Tue Aug 18 16:54:21 2020,catalogue,svc_latency,"[('catalogue', 0.5236810972295508), ('catalogue-db', 0.44512511269112215), ('payment', 0.09371707766377681), ('shipping', 0.059362751423591334), ('rabbitmq', 0.05045782725400681), ('queue-master', 0.0), ('front-end', 0.0), ('unknown', 0.0), ('orders-db', -0.004557455858799675), ('carts-db', -0.012666809517876151), ('carts', -0.014902164449297896), ('orders', -0.026808793939779203), ('user-db', -0.05210647426829341), ('user', -0.06130216822800197)]",,,
Wed Aug 19 09:54:05 2020,orders,svc_latency,"[('payment', 0.5750412450176723), ('shipping', 0.4081430644890789), ('rabbitmq', 0.34692252173179006), ('carts', 0.07187428049312561), ('carts-db', 0.0610932562140545), ('orders', 0.019918809617961032), ('orders-db', 0.003386207102207812), ('front-end', 0.0), ('queue-master', 0.0), ('unknown', 0.0), ('user-db', -0.10163728687638392), ('user', -0.11957288201104904), ('catalogue-db', -0.12183468866864335), ('catalogue', -0.14333452710981454)]",,,
Wed Aug 19 09:54:15 2020,orders,svc_latency,"[('payment', 0.5520539119949436), ('shipping', 0.37827466799162895), ('rabbitmq', 0.3215330770350353), ('orders', 0.12864168565031706), ('carts', 0.06703171633212215), ('carts-db', 0.0569766688038551), ('orders-db', 0.021869078238072874), ('front-end', 0.0), ('unknown', 0.0), ('queue-master', 0.0), ('user-db', -0.10537529765589532), ('user', -0.12397066983764318), ('catalogue-db', -0.13647543828787795), ('catalogue', -0.1605594002645585)]",,,
Wed Aug 19 09:54:25 2020,orders,svc_latency,"[('payment', 0.44700247374946944), ('shipping', 0.3188608378769743), ('orders', 0.2842341802497102), ('rabbitmq', 0.271031773894835), ('carts', 0.05761110452414024), ('carts-db', 0.04896876166309417), ('orders-db', 0.04831997142000952), ('front-end', 0.0), ('unknown', 0.0), ('queue-master', 0.0), ('user-db', -0.08240228985701165), ('user', -0.09694255947863689), ('catalogue-db', -0.1363146321637704), ('catalogue', -0.1603696218788137)]",,,
Wed Aug 19 09:54:35 2020,orders,svc_latency,"[('orders', 0.36237808899879376), ('payment', 0.35383840150689994), ('shipping', 0.26053145346826334), ('rabbitmq', 0.2214526342222349), ('orders-db', 0.06160447594359323), ('carts', 0.05713167914812136), ('carts-db', 0.048562262474631974), ('front-end', 0.0), ('queue-master', 0.0), ('unknown', 0.0), ('user-db', -0.05225530609966966), ('user', -0.06147683842424429), ('catalogue-db', -0.11567686520425845), ('catalogue', -0.13608998603436617)]",,,
Wed Aug 19 09:54:45 2020,orders,svc_latency,"[('orders', 0.3988802572321096), ('payment', 0.29393112052394726), ('shipping', 0.21168492560413887), ('rabbitmq', 0.1799323433503361), ('orders-db', 0.06781015859311), ('carts', 0.0593241411573311), ('carts-db', 0.05042469325502581), ('front-end', 0.0), ('unknown', 0.0), ('queue-master', 0.0), ('user-db', -0.027950935047915963), ('user', -0.032881780276340686), ('catalogue-db', -0.09242291214833302), ('catalogue', -0.1087320122434091)]",,,
Wed Aug 19 09:54:55 2020,orders,svc_latency,"[('orders', 0.41315432039219363), ('payment', 0.23782757693657436), ('shipping', 0.18450339882025085), ('rabbitmq', 0.156827160275053), ('orders-db', 0.07023620649278718), ('carts', 0.06361675227651634), ('carts-db', 0.054073551637892264), ('front-end', 0.0), ('unknown', 0.0), ('queue-master', 0.0), ('user-db', -0.008381754900108911), ('user', -0.009860108209232957), ('catalogue-db', -0.07443108568594699), ('catalogue', -0.0875660180359785)]",,,
Wed Aug 19 09:55:05 2020,orders,svc_latency,"[('orders', 0.41800376272303735), ('payment', 0.2042721108549872), ('shipping', 0.16770180515402883), ('rabbitmq', 0.1425472711151907), ('orders-db', 0.07106080189841028), ('carts', 0.06591743774521357), ('carts-db', 0.05603036129510829), ('user', 0.004858194018623155), ('user-db', 0.004129885636030433), ('front-end', 0.0), ('unknown', 0.0), ('queue-master', 0.0), ('catalogue-db', -0.061807311883152125), ('catalogue', -0.07271431855747709)]",,,
Wed Aug 19 09:55:15 2020,orders,svc_latency,"[('orders', 0.4194742133171697), ('payment', 0.19409403890193072), ('shipping', 0.1615939502897855), ('rabbitmq', 0.13735567978344249), ('orders-db', 0.07131063496366329), ('carts', 0.06364144487032986), ('carts-db', 0.054096028343777455), ('user', 0.01036527021632909), ('user-db', 0.008811268012881663), ('front-end', 0.0), ('unknown', 0.0), ('queue-master', 0.0), ('catalogue-db', -0.05547630483347623), ('catalogue', -0.06526622386583361)]",,,
Wed Aug 19 09:55:25 2020,orders,svc_latency,"[('orders', 0.42259655132895524), ('payment', 0.17679607401385541), ('shipping', 0.14155321563279438), ('rabbitmq', 0.12031965469235853), ('orders-db', 0.07184109762645689), ('carts', 0.06808739347178763), ('carts-db', 0.05787398061528305), ('user', 0.022176007313349268), ('user-db', 0.018849474087698208), ('unknown', 0.0), ('front-end', 0.0), ('queue-master', 0.0), ('catalogue-db', -0.045988772494827974), ('catalogue', -0.05410467628771031)]Wed Aug 19 10:38:20 2020",payment,svc_latency,"[('front-end', 0.0), ('catalogue', 0.0), ('orders', 0.0), ('orders-db', 0.0), ('user', 0.0), ('user-db', 0.0), ('carts', 0.0), ('carts-db', 0.0), ('catalogue-db', 0.0), ('payment', 0.0), ('queue-master', 0.0), ('rabbitmq', 0.0), ('shipping', 0.0)]"
Wed Aug 19 10:41:12 2020,payment,svc_latency,"[('payment', 0.8454884009739144), ('user', 0.06656578993390755), ('user-db', 0.056581012754081714), ('catalogue', 0.026303999490564), ('catalogue-db', 0.022358431296231187), ('queue-master', 0.0), ('front-end', 0.0), ('unknown', 0.0), ('orders-db', -0.0007832282383097066), ('rabbitmq', -0.0011071916824225664), ('shipping', -0.0013025895603704838), ('carts-db', -0.004363670684221756), ('orders', -0.004607218393037845), ('carts', -0.005133735890336715)]",,,
Wed Aug 19 10:41:22 2020,payment,svc_latency,"[('payment', 0.8474554778644552), ('user', 0.045815599126209555), ('user-db', 0.03894331957050797), ('shipping', 0.023959165816167336), ('rabbitmq', 0.020365325904038303), ('catalogue', 0.016228221868032595), ('catalogue-db', 0.0137940074121724), ('front-end', 0.0), ('queue-master', 0.0), ('unknown', 0.0), ('orders-db', -0.0005069959938181396), ('carts-db', -0.0014113630166238701), ('carts', -0.0016604332456528728), ('orders', -0.0029823253054888314)]",,,
Wed Aug 19 10:41:32 2020,payment,svc_latency,"[('payment', 0.8384966362662242), ('shipping', 0.0729296123253032), ('rabbitmq', 0.061990192495636615), ('orders', 0.02712486414393761), ('user', 0.016957246850030055), ('user-db', 0.014413641496670541), ('orders-db', 0.004611230814799779), ('front-end', 0.0), ('unknown', 0.0), ('queue-master', 0.0), ('carts-db', -0.004132799721365781), ('carts', -0.004862077256590425), ('catalogue-db', -0.01264825731253459), ('catalogue', -0.014880290102110751)]",,,
Wed Aug 19 10:41:42 2020,payment,svc_latency,"[('payment', 0.7651549245868821), ('orders', 0.1613844051230042), ('shipping', 0.13042408468029398), ('rabbitmq', 0.1108605494099302), ('orders-db', 0.02743527060164319), ('unknown', 0.0), ('front-end', 0.0), ('queue-master', 0.0), ('carts-db', -0.005896584896836019), ('carts', -0.006937641672320263), ('user-db', -0.019130453529464596), ('user', -0.022506943304248267), ('catalogue-db', -0.0646860998962173), ('catalogue', -0.07610151110266802)]",,,
Wed Aug 19 10:41:52 2020,payment,svc_latency,"[('payment', 0.8397412571782847), ('orders', 0.03993443675711079), ('shipping', 0.027941198316854866), ('rabbitmq', 0.023749961319689913), ('carts', 0.016361416740697597), ('carts-db', 0.013907131075392692), ('user', 0.012537272780851358), ('user-db', 0.010656603457149652), ('orders-db', 0.006788865218514834), ('catalogue', 0.004530730233837638), ('catalogue-db', 0.0038511269216157163), ('queue-master', 0.0), ('unknown', 0.0), ('front-end', 0.0)]",,,
Wed Aug 19 10:42:02 2020,payment,svc_latency,"[('payment', 0.8394422658156067), ('orders', 0.041248041318624), ('shipping', 0.02624936415970723), ('rabbitmq', 0.022311892823596066), ('carts', 0.016678520868940453), ('carts-db', 0.014176662109825787), ('user', 0.012787356839462841), ('user-db', 0.010869167026768347), ('orders-db', 0.007012179019624334), ('catalogue', 0.0049862393338018585), ('catalogue-db', 0.004238310684042608), ('unknown', 0.0), ('front-end', 0.0), ('queue-master', 0.0)]",,,
Wed Aug 19 10:42:12 2020,payment,svc_latency,"[('payment', 0.8391123975705035), ('orders', 0.04251335734268694), ('shipping', 0.025870745567970765), ('rabbitmq', 0.021990059123258257), ('carts', 0.016713361579426583), ('carts-db', 0.014206268683082432), ('user', 0.01270243682430992), ('user-db', 0.010796976487385725), ('orders-db', 0.007227283793663293), ('catalogue', 0.004793030094001273), ('catalogue-db', 0.0040740829337105565), ('front-end', 0.0), ('queue-master', 0.0), ('unknown', 0.0)]",,,
Wed Aug 19 10:42:22 2020,payment,svc_latency,"[('payment', 0.8385234929131075), ('orders', 0.04477135824193189), ('shipping', 0.024797600418608998), ('rabbitmq', 0.021077869650683742), ('carts', 0.016718005885576672), ('carts-db', 0.014210200708055351), ('user', 0.012771519182955273), ('user-db', 0.010855680372996297), ('orders-db', 0.007611145961850828), ('catalogue', 0.004682766912437277), ('catalogue-db', 0.003980359751796056), ('front-end', 0.0), ('unknown', 0.0), ('queue-master', 0.0)]",,,
Wed Aug 19 10:42:32 2020,payment,svc_latency,"[('payment', 0.8384058984553822), ('orders', 0.04522291478675948), ('shipping', 0.02449760506611488), ('rabbitmq', 0.02082287001056204), ('carts', 0.01672518985771078), ('carts-db', 0.0142163037756586), ('user', 0.012814932646233814), ('user-db', 0.01089257845084599), ('orders-db', 0.007687910999686964), ('catalogue', 0.004710155614280562), ('catalogue-db', 0.004003640336764283), ('front-end', 0.0), ('queue-master', 0.0), ('unknown', 0.0)]",,,
Wed Aug 19 10:42:42 2020,payment,svc_latency,"[('payment', 0.8378829449830691), ('orders', 0.04721495884421787), ('shipping', 0.022999103712525944), ('rabbitmq', 0.01954912671165181), ('carts', 0.01661113752501185), ('carts-db', 0.014119343645665243), ('user', 0.013257143797130652), ('user-db', 0.01126844277792575), ('orders-db', 0.008026560456587303), ('catalogue', 0.004903366747856752), ('catalogue-db', 0.0041678707983573635), ('front-end', 0.0), ('queue-master', 0.0), ('unknown', 0.0)]",,,
Wed Aug 19 10:46:03 2020,shipping,svc_latency,"[('payment', 0.5674190287005825), ('shipping', 0.41371669204567374), ('rabbitmq', 0.3516590090051282), ('carts', 0.0683116680430687), ('carts-db', 0.05806489740959055), ('orders', 0.02153932310450643), ('orders-db', 0.003661682947141562), ('front-end', 0.0), ('queue-master', 0.0), ('unknown', 0.0), ('user-db', -0.10130997114451208), ('user', -0.11918827873440116), ('catalogue-db', -0.12123939356281271), ('catalogue', -0.14263465781396514)]",,,
Wed Aug 19 10:46:13 2020,shipping,svc_latency,"[('payment', 0.569569116993263), ('shipping', 0.415930988334903), ('rabbitmq', 0.35354220920659096), ('carts', 0.0583194332943548), ('carts-db', 0.049571592710923394), ('orders', 0.021721493067684738), ('orders-db', 0.003692663475732402), ('queue-master', 0.0), ('front-end', 0.0), ('unknown', 0.0), ('user-db', -0.10025123665568976), ('catalogue-db', -0.11677362556545888), ('user', -0.11794225807584674), ('catalogue', -0.13738037678645715)]",,,
Wed Aug 19 10:46:24 2020,shipping,svc_latency,"[('payment', 0.5548707527744785), ('shipping', 0.42268445500614293), ('rabbitmq', 0.35928153824029546), ('carts', 0.06281654991773505), ('carts-db', 0.05339404385508112), ('orders', 0.023221774765609222), ('orders-db', 0.003947698807141451), ('front-end', 0.0), ('unknown', 0.0), ('queue-master', 0.0), ('user-db', -0.10089543179182242), ('user', -0.11870061373694211), ('catalogue-db', -0.11974462951657834), ('catalogue', -0.1408761383211406)]",,,
Wed Aug 19 10:46:33 2020,shipping,svc_latency,"[('shipping', 0.508357997080592), ('rabbitmq', 0.4321002909223416), ('payment', 0.04853823614578773), ('orders', 0.023300936969356097), ('carts', 0.0090052566961515), ('carts-db', 0.007654469660644693), ('orders-db', 0.003961121879700232), ('front-end', 0.0), ('unknown', 0.0), ('queue-master', 0.0), ('user-db', -0.005205674810907402), ('user', -0.0061244679045530685), ('catalogue-db', -0.009918836745475265), ('catalogue', -0.011669329893638253)]",,,
Wed Aug 19 10:46:43 2020,shipping,svc_latency,"[('shipping', 0.5019610760650135), ('rabbitmq', 0.42667114581387694), ('payment', 0.030807723266906877), ('orders', 0.025894247591557836), ('carts', 0.00863113125921964), ('carts-db', 0.007336449571129954), ('orders-db', 0.0044020666341326314), ('user', 0.0009968960540684014), ('user-db', 0.0008472839842770901), ('front-end', 0.0), ('unknown', 0.0), ('queue-master', 0.0), ('catalogue-db', -0.003468028268318647), ('catalogue', -0.00407999197186432)]",,,
Wed Aug 19 10:46:53 2020,shipping,svc_latency,"[('shipping', 0.49906347557921654), ('rabbitmq', 0.42420936215164057), ('orders', 0.025581022016161317), ('payment', 0.022900042995478147), ('carts', 0.009468789589855187), ('carts-db', 0.008048467302344873), ('orders-db', 0.004348830294958126), ('user', 0.0041563418722557095), ('user-db', 0.003532828020989731), ('front-end', 0.0), ('queue-master', 0.0), ('unknown', 0.0), ('catalogue-db', -0.0006015100927058069), ('catalogue', -0.0007076497301948013)]",,,
Wed Aug 19 10:47:03 2020,shipping,svc_latency,"[('shipping', 0.49770198238737673), ('rabbitmq', 0.4230515781254265), ('orders', 0.02527496967446214), ('payment', 0.019262873220153666), ('carts', 0.0097508478962482), ('carts-db', 0.00828822162944976), ('user', 0.005698942011703888), ('user-db', 0.004844061003341095), ('orders-db', 0.0042967955258251525), ('catalogue', 0.0009890370864686932), ('catalogue-db', 0.0008406914395445777), ('front-end', 0.0), ('unknown', 0.0), ('queue-master', 0.0)]",,,
Wed Aug 19 10:47:13 2020,shipping,svc_latency,"[('shipping', 0.4970205651626248), ('rabbitmq', 0.4224629956964402), ('orders', 0.025667978465751595), ('payment', 0.017675373289833294), ('carts', 0.009453021774099846), ('carts-db', 0.00803507165110557), ('user', 0.0064666412290042274), ('user-db', 0.005496675676033207), ('orders-db', 0.004363509086791337), ('catalogue', 0.0018152349603884701), ('catalogue-db', 0.0015429330079275623), ('front-end', 0.0), ('unknown', 0.0), ('queue-master', 0.0)]",,,
Wed Aug 19 10:47:23 2020,shipping,svc_latency,"[('shipping', 0.4965040743357538), ('rabbitmq', 0.4220234333660061), ('orders', 0.02578482279088966), ('payment', 0.016426600940893425), ('carts', 0.009519722475686195), ('carts-db', 0.00809176727268847), ('user', 0.00699364702928625), ('user-db', 0.005944629250261406), ('orders-db', 0.004383366577175269), ('catalogue', 0.00233943791322787), ('catalogue-db', 0.001988498048131415), ('front-end', 0.0), ('unknown', 0.0), ('queue-master', 0.0)]",,,
Wed Aug 19 10:47:34 2020,shipping,svc_latency,"[('shipping', 0.49612650866467134), ('rabbitmq', 0.42170209274727105), ('orders', 0.025927627114685103), ('payment', 0.015543265493305106), ('carts', 0.009573798592281881), ('carts-db', 0.00813773213870052), ('user', 0.00734889846753055), ('user-db', 0.006246591922106484), ('orders-db', 0.004407638600219429), ('catalogue', 0.0026950683288304625), ('catalogue-db', 0.002290777930398026), ('front-end', 0.0), ('queue-master', 0.0), ('unknown', 0.0)]",,,Thu Aug 20 10:03:59 2020,shipping,svc_latency,"[('payment', 0.6024284977585067), ('shipping', 0.3910261817454662), ('rabbitmq', 0.3323726748308416), ('carts', 0.07179137220238671), ('carts-db', 0.06102272492560395), ('orders', 0.01680474350012965), ('orders-db', 0.0028568102040358464), ('front-end', 0.0), ('unknown', 0.0), ('queue-master', 0.0), ('user-db', -0.1001027054926483), ('user', -0.11776770496007653), ('catalogue-db', -0.11965830543174732), ('catalogue', -0.14077428928249885)]"
Thu Aug 20 10:04:08 2020,shipping,svc_latency,"[('payment', 0.5991149005104721), ('shipping', 0.39318163369207587), ('rabbitmq', 0.33420487759211354), ('carts', 0.07200002577376617), ('carts-db', 0.061200090025354856), ('orders', 0.016965457514509615), ('orders-db', 0.0028841322233492243), ('front-end', 0.0), ('queue-master', 0.0), ('unknown', 0.0), ('user-db', -0.10042704842852075), ('user', -0.11814925576275973), ('catalogue-db', -0.11990744648991059), ('catalogue', -0.14106736665045003)]"
Thu Aug 20 10:04:18 2020,shipping,svc_latency,"[('payment', 0.5081679961535902), ('shipping', 0.3339978253469562), ('rabbitmq', 0.283897438151914), ('orders', 0.23300303316503096), ('carts', 0.057298018088430935), ('carts-db', 0.0487033841614817), ('orders-db', 0.03961038390673641), ('front-end', 0.0), ('unknown', 0.0), ('queue-master', 0.0), ('user-db', -0.09171206671538253), ('user', -0.10789717938593973), ('catalogue-db', -0.14016650907753755), ('catalogue', -0.1649023237952806)]"
Thu Aug 20 10:04:28 2020,shipping,svc_latency,"[('shipping', 0.5076669024801986), ('rabbitmq', 0.4315195188198285), ('payment', 0.08309786615151872), ('orders', 0.0696342042227009), ('orders-db', 0.011837891998890798), ('carts', 0.00538771541580587), ('carts-db', 0.00457942263211586), ('unknown', 0.0), ('front-end', 0.0), ('queue-master', 0.0), ('user-db', -0.019804404871570945), ('user', -0.02329895319515856), ('catalogue-db', -0.03244721671923322), ('catalogue', -0.03817294693509671)]"
Thu Aug 20 10:04:38 2020,shipping,svc_latency,"[('shipping', 0.5011903510281155), ('rabbitmq', 0.42600740990805935), ('orders', 0.042109588456790886), ('payment', 0.03703105399246053), ('carts', 0.007595874609251093), ('orders-db', 0.007158553770410756), ('carts-db', 0.00645657484731436), ('queue-master', 0.0), ('front-end', 0.0), ('unknown', 0.0), ('user-db', -0.0027922221592195473), ('user', -0.003285178971022427), ('catalogue-db', -0.00986545921795548), ('catalogue', -0.01160654626420504)]"
Thu Aug 20 10:04:48 2020,shipping,svc_latency,"[('shipping', 0.49857292946339843), ('rabbitmq', 0.42379104341946316), ('orders', 0.03570694832974165), ('payment', 0.026225708107699648), ('carts', 0.008516175520653606), ('carts-db', 0.007238704718986474), ('orders-db', 0.006070240932277296), ('user', 0.0017359600000180064), ('user-db', 0.0014754648303591969), ('unknown', 0.0), ('front-end', 0.0), ('queue-master', 0.0), ('catalogue-db', -0.004288238491845265), ('catalogue', -0.005044936830752253)]"
Thu Aug 20 10:04:58 2020,shipping,svc_latency,"[('shipping', 0.4972142737345758), ('rabbitmq', 0.42262766270271795), ('orders', 0.030324848543213476), ('payment', 0.020128622513270113), ('carts', 0.009445801489620927), ('carts-db', 0.0080289513965383), ('orders-db', 0.005155168421897293), ('user', 0.004720666847952204), ('user-db', 0.004012630447856273), ('front-end', 0.0), ('unknown', 0.0), ('queue-master', 0.0), ('catalogue-db', -0.0007620669890885791), ('catalogue', -0.0008965591085533807)]"
Thu Aug 20 10:05:08 2020,shipping,svc_latency,"[('shipping', 0.4964503393977119), ('rabbitmq', 0.42197747614052544), ('orders', 0.030445117251937284), ('payment', 0.018225662266762102), ('carts', 0.009303148488671127), ('carts-db', 0.00790770198529132), ('user', 0.005619499371953934), ('orders-db', 0.005175603209828685), ('user-db', 0.004776640601195164), ('catalogue', 6.42226972268317e-05), ('catalogue-db', 5.4588588895957565e-05), ('unknown', 0.0), ('front-end', 0.0), ('queue-master', 0.0)]"
Thu Aug 20 10:05:18 2020,shipping,svc_latency,"[('shipping', 0.4958836316034834), ('rabbitmq', 0.4215059146583259), ('orders', 0.03051653656795872), ('payment', 0.016839968676847013), ('carts', 0.009300306277744013), ('carts-db', 0.007905236760668823), ('user', 0.006232933501764085), ('user-db', 0.005297939318528124), ('orders-db', 0.005187872068220543), ('catalogue', 0.0007187315678410327), ('catalogue-db', 0.0006109289986180545), ('front-end', 0.0), ('queue-master', 0.0), ('unknown', 0.0)]"
Thu Aug 20 10:05:28 2020,shipping,svc_latency,"[('shipping', 0.49558488170307025), ('rabbitmq', 0.4212423233005228), ('orders', 0.028837534392724927), ('payment', 0.015377587569849808), ('carts', 0.009650628326254147), ('carts-db', 0.00820304746722076), ('user', 0.006969678358620317), ('user-db', 0.005924266694962439), ('orders-db', 0.004902323406764525), ('catalogue', 0.0017879711280260335), ('catalogue-db', 0.0015197576519843641), ('front-end', 0.0), ('unknown', 0.0), ('queue-master', 0.0)]"
Thu Aug 20 10:08:08 2020,payment,svc_latency,"[('shipping', 0.5033667464675872), ('rabbitmq', 0.42785723931296277), ('payment', 0.03393172462827483), ('orders', 0.024024330418495665), ('carts', 0.009314946535441342), ('carts-db', 0.007917704639238339), ('orders-db', 0.004084092452725195), ('unknown', 0.0), ('front-end', 0.0), ('queue-master', 0.0), ('user-db', -0.0002652763608012631), ('user', -0.0003121929883980008), ('catalogue-db', -0.004557496785779424), ('catalogue', -0.005361818319746254)]"
Thu Aug 20 10:08:18 2020,payment,svc_latency,"[('shipping', 0.512545105962111), ('rabbitmq', 0.4356673286910219), ('payment', 0.06125321804881868), ('orders', 0.020973238926311217), ('carts', 0.00865386527384988), ('carts-db', 0.007355787668847892), ('orders-db', 0.003565483802609739), ('front-end', 0.0), ('unknown', 0.0), ('queue-master', 0.0), ('user-db', -0.009096768736716849), ('user', -0.010701903286363676), ('catalogue-db', -0.013882801140398469), ('catalogue', -0.01633255521009095)]"
Thu Aug 20 10:08:28 2020,payment,svc_latency,"[('payment', 0.8323767079176386), ('shipping', 0.09256673318344219), ('rabbitmq', 0.07868176951992405), ('orders', 0.03429827405828059), ('carts', 0.022644066476370853), ('carts-db', 0.019247422622468487), ('orders-db', 0.005830714457455596), ('unknown', 0.0), ('front-end', 0.0), ('queue-master', 0.0), ('user-db', -0.015452188951707971), ('user', -0.018178950880110734), ('catalogue-db', -0.02389859372445716), ('catalogue', -0.028115954679304535)]"
Thu Aug 20 10:08:38 2020,payment,svc_latency,"[('payment', 0.8397575498017242), ('shipping', 0.042061690489331734), ('orders', 0.03667780656582963), ('rabbitmq', 0.035752412246229104), ('carts', 0.01897651776235892), ('carts-db', 0.016129987913129935), ('orders-db', 0.006235235859432239), ('user', 0.005047257800934511), ('user-db', 0.004290100343661446), ('front-end', 0.0), ('unknown', 0.0), ('queue-master', 0.0), ('catalogue-db', -0.002264474670569389), ('catalogue', -0.002664084112062047)]"
Thu Aug 20 10:08:48 2020,payment,svc_latency,"[('payment', 0.8403669655017327), ('orders', 0.03686129384316886), ('shipping', 0.031714903049033495), ('rabbitmq', 0.026957629423854542), ('carts', 0.01835615219693824), ('carts-db', 0.01560267525460007), ('user', 0.01003483429717167), ('user-db', 0.008529545107493066), ('orders-db', 0.006266428752849384), ('catalogue', 0.002870037377020948), ('catalogue-db', 0.002439535196137649), ('front-end', 0.0), ('queue-master', 0.0), ('unknown', 0.0)]"
Thu Aug 20 10:08:58 2020,payment,svc_latency,"[('payment', 0.8395357298569189), ('orders', 0.040522159328978465), ('shipping', 0.02883169481108595), ('rabbitmq', 0.024506881572423065), ('carts', 0.01787338282615718), ('carts-db', 0.015192300928576687), ('user', 0.010987749022122083), ('user-db', 0.009339502482986843), ('orders-db', 0.00688877851719633), ('catalogue', 0.0034171977478974986), ('catalogue-db', 0.002904622905657161), ('front-end', 0.0), ('unknown', 0.0), ('queue-master', 0.0)]"
Thu Aug 20 10:09:08 2020,payment,svc_latency,"[('payment', 0.8398351366241389), ('orders', 0.0397807547966415), ('shipping', 0.025822885682117155), ('rabbitmq', 0.021949393440625943), ('carts', 0.01758397831015865), ('carts-db', 0.014946310942963318), ('user', 0.012654474719959525), ('user-db', 0.010756226171263514), ('orders-db', 0.006762739161465883), ('catalogue', 0.005355725864646915), ('catalogue-db', 0.004552374286017978), ('front-end', 0.0), ('unknown', 0.0), ('queue-master', 0.0)]"
Thu Aug 20 10:09:18 2020,payment,svc_latency,"[('payment', 0.8401038605903206), ('orders', 0.03892413642167388), ('shipping', 0.024087793533569206), ('rabbitmq', 0.02047456717579527), ('carts', 0.0175244314650551), ('carts-db', 0.014895700814445188), ('user', 0.013627778857708257), ('user-db', 0.01158354099055238), ('orders-db', 0.00661711339586785), ('catalogue', 0.00657355034515923), ('catalogue-db', 0.0055875264098530115), ('front-end', 0.0), ('unknown', 0.0), ('queue-master', 0.0)]"
Thu Aug 20 10:09:28 2020,payment,svc_latency,"[('payment', 0.8401982267675409), ('orders', 0.03861681051695862), ('shipping', 0.023381128997458554), ('rabbitmq', 0.01987390294744785), ('carts', 0.017590004170083814), ('carts-db', 0.014951439360760951), ('user', 0.013949947914939479), ('user-db', 0.011857386840127831), ('catalogue', 0.007035824661975958), ('orders-db', 0.006564867768180674), ('catalogue-db', 0.00598046005452633), ('front-end', 0.0), ('queue-master', 0.0), ('unknown', 0.0)]"
Thu Aug 20 10:09:38 2020,payment,svc_latency,"[('payment', 0.8402633586111393), ('orders', 0.03843648931266629), ('shipping', 0.022413341447145366), ('rabbitmq', 0.019051283183836407), ('carts', 0.017517984216082746), ('carts-db', 0.014890223265286467), ('user', 0.01447273930402599), ('user-db', 0.012301761188336684), ('catalogue', 0.007631673870804295), ('orders-db', 0.00653421303245695), ('catalogue-db', 0.006486932568219429), ('front-end', 0.0), ('unknown', 0.0), ('queue-master', 0.0)]"
Thu Aug 20 10:12:18 2020,orders,svc_latency,"[('payment', 0.8390104678022272), ('shipping', 0.05352225338054422), ('rabbitmq', 0.045493909235131594), ('orders', 0.03517689614762981), ('carts', 0.02014849856172469), ('carts-db', 0.017126180251662473), ('orders-db', 0.005980080226591046), ('front-end', 0.0), ('unknown', 0.0), ('queue-master', 0.0), ('user-db', -0.0003811009335360037), ('user', -0.00044827568690935116), ('catalogue-db', -0.007180855189929793), ('catalogue', -0.008448053795135257)]"
Thu Aug 20 10:12:29 2020,orders,svc_latency,"[('payment', 0.5874817743826326), ('shipping', 0.39780566694492125), ('rabbitmq', 0.33813514150923446), ('carts', 0.07371516131347376), ('carts-db', 0.06265798654947506), ('orders', 0.025488876211355732), ('orders-db', 0.0043331124977852116), ('front-end', 0.0), ('unknown', 0.0), ('queue-master', 0.0), ('user-db', -0.10331803174500444), ('user', -0.12155058295345046), ('catalogue-db', -0.12164153428798273), ('catalogue', -0.1431075704224407)]"
Thu Aug 20 10:12:39 2020,orders,svc_latency,"[('payment', 0.5881167551899051), ('shipping', 0.39866381754377606), ('rabbitmq', 0.3388644795059771), ('carts', 0.07329086809302061), ('carts-db', 0.062297265246123466), ('orders', 0.02178372298874003), ('orders-db', 0.0037032356828519846), ('front-end', 0.0), ('unknown', 0.0), ('queue-master', 0.0), ('user-db', -0.10231956109564264), ('user', -0.12037584131570295), ('catalogue-db', -0.12130871430139076), ('catalogue', -0.14271602753765772)]"
Thu Aug 20 10:12:48 2020,orders,svc_latency,"[('payment', 0.5087353646981296), ('shipping', 0.3509787466841121), ('rabbitmq', 0.2983324948455718), ('orders', 0.2124569423751131), ('carts', 0.05816746483643226), ('carts-db', 0.04944274513601538), ('orders-db', 0.03611770344238773), ('unknown', 0.0), ('front-end', 0.0), ('queue-master', 0.0), ('user-db', -0.09530018420716738), ('user', -0.11211822482665704), ('catalogue-db', -0.14096820850659297), ('catalogue', -0.16584484447734418)]"
Thu Aug 20 10:12:59 2020,orders,svc_latency,"[('payment', 0.37112495804128576), ('orders', 0.32440191915196553), ('shipping', 0.3073773473916501), ('rabbitmq', 0.2612692993609395), ('carts', 0.05853084280312911), ('orders-db', 0.055147939461400855), ('carts-db', 0.04975125399758457), ('queue-master', 0.0), ('unknown', 0.0), ('front-end', 0.0), ('user-db', -0.06894387652893605), ('user', -0.08111146663890077), ('catalogue-db', -0.12752167031224895), ('catalogue', -0.1500265467278692)]"
Thu Aug 20 10:13:09 2020,orders,svc_latency,"[('orders', 0.37847422299078964), ('payment', 0.32249086061845855), ('shipping', 0.2452974817637421), ('rabbitmq', 0.20850197855526098), ('orders-db', 0.06434019704970982), ('carts', 0.05564917277432742), ('carts-db', 0.04730197034730255), ('unknown', 0.0), ('front-end', 0.0), ('queue-master', 0.0), ('user-db', -0.04183562913786268), ('user', -0.049219277281388626), ('catalogue-db', -0.10613520907147182), ('catalogue', -0.12486576860886835)]"
Thu Aug 20 10:13:19 2020,orders,svc_latency,"[('orders', 0.4044960975474725), ('payment', 0.2748330574936562), ('shipping', 0.2038384878294373), ('rabbitmq', 0.17326321497746672), ('orders-db', 0.06876420536088457), ('carts', 0.05803292238023225), ('carts-db', 0.04932872084885111), ('front-end', 0.0), ('unknown', 0.0), ('queue-master', 0.0), ('user-db', -0.020298089260462202), ('user', -0.0238811281816511), ('catalogue-db', -0.08655172998947379), ('catalogue', -0.10182575900641319)]"
Thu Aug 20 10:13:29 2020,orders,svc_latency,"[('orders', 0.41583119701120225), ('payment', 0.20620650698286996), ('shipping', 0.17515870970204184), ('rabbitmq', 0.14888558662537976), ('orders-db', 0.0706914574678028), ('carts', 0.06578236988836939), ('carts-db', 0.05591549528187388), ('user', 0.0009510858075459233), ('user-db', 0.0008087837830357075), ('unknown', 0.0), ('front-end', 0.0), ('queue-master', 0.0), ('catalogue-db', -0.06443062378731311), ('catalogue', -0.07580056876280897)]"
Thu Aug 20 10:13:38 2020,orders,svc_latency,"[('orders', 0.4198235950660394), ('payment', 0.196946884641008), ('shipping', 0.15997916112360963), ('rabbitmq', 0.13598310792731916), ('orders-db', 0.07137008718504621), ('carts', 0.06606803022615386), ('carts-db', 0.056158561634924664), ('user', 0.009806362037749344), ('user-db', 0.008336092734017158), ('front-end', 0.0), ('unknown', 0.0), ('queue-master', 0.0), ('catalogue-db', -0.05718981681535288), ('catalogue', -0.06728206576051453)]"
Thu Aug 20 10:13:49 2020,orders,svc_latency,"[('orders', 0.4222463624982731), ('payment', 0.18440314100442096), ('shipping', 0.1463043684516125), ('rabbitmq', 0.12435966853771757), ('orders-db', 0.07178171528457239), ('carts', 0.06763989928832442), ('carts-db', 0.05749502469470211), ('user', 0.018457582756026554), ('user-db', 0.015690152516891903), ('queue-master', 0.0), ('front-end', 0.0), ('unknown', 0.0), ('catalogue-db', -0.049795195884864335), ('catalogue', -0.058582719147676585)]"
Thu Aug 20 10:16:29 2020,user,svc_latency,"[('payment', 0.4213106470647146), ('shipping', 0.3284990233203816), ('orders', 0.2895132908666914), ('rabbitmq', 0.2792248579053832), ('carts', 0.05157300974419804), ('orders-db', 0.04921734221039564), ('carts-db', 0.04383735054193836), ('front-end', 0.0), ('queue-master', 0.0), ('unknown', 0.0), ('user-db', -0.07947286612323692), ('user', -0.09349758944260295), ('catalogue-db', -0.13333758399617873), ('catalogue', -0.15686748209168394)]"
Thu Aug 20 10:16:39 2020,user,svc_latency,"[('payment', 0.5335080458558057), ('shipping', 0.39932912422026373), ('rabbitmq', 0.33942993232145946), ('orders', 0.1187524470406639), ('carts', 0.05498715340466406), ('carts-db', 0.0467388734826805), ('orders-db', 0.02018794245830768), ('front-end', 0.0), ('queue-master', 0.0), ('unknown', 0.0), ('user-db', -0.10165353241710906), ('user', -0.11959191882366724), ('catalogue-db', -0.13401893679851717), ('catalogue', -0.15766913074455163)]"
Thu Aug 20 10:16:49 2020,user,svc_latency,"[('payment', 0.5020515421634544), ('shipping', 0.3747194750166152), ('rabbitmq', 0.3185115182817571), ('orders', 0.19030671547877812), ('carts', 0.05040592276530727), ('carts-db', 0.042845264517696886), ('orders-db', 0.032352110454839066), ('unknown', 0.0), ('front-end', 0.0), ('queue-master', 0.0), ('user-db', -0.09639237365868088), ('user', -0.11340322118131627), ('catalogue-db', -0.13847960935941395), ('catalogue', -0.1629173444790369)]"
Thu Aug 20 10:16:59 2020,user,svc_latency,"[('payment', 0.36820581627029647), ('orders', 0.3175990851003797), ('shipping', 0.2992453270888619), ('rabbitmq', 0.25435733608351124), ('user', 0.05430679956917064), ('orders-db', 0.05399154500217249), ('user-db', 0.046160742457217616), ('carts', 0.0077680287691039435), ('carts-db', 0.0066030066847195135), ('unknown', 0.0), ('front-end', 0.0), ('queue-master', 0.0), ('catalogue-db', -0.1875681046607511), ('catalogue', -0.22066958236468248)]"
Thu Aug 20 10:17:09 2020,user,svc_latency,"[('orders', 0.3089513850256741), ('user', 0.2996215335041936), ('user-db', 0.2546781228085894), ('payment', 0.23790451572751029), ('shipping', 0.1639727841828366), ('rabbitmq', 0.13937710515397356), ('orders-db', 0.05252154447052429), ('unknown', 0.0), ('front-end', 0.0), ('queue-master', 0.0), ('carts-db', -0.03249005548313394), ('carts', -0.03822461063697466), ('catalogue-db', -0.1774945030366508), ('catalogue', -0.20881782171654242)]"
Thu Aug 20 10:17:19 2020,user,svc_latency,"[('user', 0.3816329837408664), ('user-db', 0.3243884239405966), ('orders', 0.2710218423195371), ('payment', 0.15006500256911626), ('shipping', 0.09487066549483197), ('rabbitmq', 0.08063984667791584), ('orders-db', 0.04607382788405204), ('queue-master', 0.0), ('front-end', 0.0), ('unknown', 0.0), ('carts-db', -0.028903757020640942), ('carts', -0.034003841582885955), ('catalogue-db', -0.13130679555492825), ('catalogue', -0.1544781984684607)]"
Thu Aug 20 10:17:29 2020,user,svc_latency,"[('user', 0.38929798621476075), ('user-db', 0.33090380883249193), ('orders', 0.2632406024356413), ('payment', 0.09323299886257597), ('shipping', 0.07185502014341949), ('rabbitmq', 0.061076937072775755), ('orders-db', 0.04475096056114172), ('front-end', 0.0), ('unknown', 0.0), ('queue-master', 0.0), ('carts-db', -0.015537742671479069), ('carts', -0.018279780086114722), ('catalogue-db', -0.10132962395832525), ('catalogue', -0.11921116740688795)]"
Thu Aug 20 10:17:39 2020,user,svc_latency,"[('user', 0.40954764860649673), ('user-db', 0.3481128954225934), ('orders', 0.2426973686179718), ('payment', 0.07838852262240109), ('shipping', 0.04999943651651283), ('rabbitmq', 0.04249968489050478), ('orders-db', 0.04125817874597873), ('unknown', 0.0), ('front-end', 0.0), ('queue-master', 0.0), ('carts-db', -0.014687377144637272), ('carts', -0.01728006973786559), ('catalogue-db', -0.08294869919056047), ('catalogue', -0.09758758934939582)]"
Thu Aug 20 10:17:49 2020,user,svc_latency,"[('user', 0.41852579585056626), ('user-db', 0.3557474686359401), ('orders', 0.23048209404200193), ('payment', 0.06708916740530568), ('orders-db', 0.03918208584970005), ('shipping', 0.03896489764413505), ('rabbitmq', 0.03311963586374536), ('front-end', 0.0), ('queue-master', 0.0), ('unknown', 0.0), ('carts-db', -0.012669847040471282), ('carts', -0.014904903700017194), ('catalogue-db', -0.07146279579455), ('catalogue', -0.08407359875635587)]"
Thu Aug 20 10:17:59 2020,user,svc_latency,"[('user', 0.4099301623287197), ('user-db', 0.34844039750606703), ('orders', 0.23575264628592768), ('payment', 0.052666217740228595), ('orders-db', 0.040077881445312), ('shipping', 0.039771364776058034), ('rabbitmq', 0.03380595674856468), ('front-end', 0.0), ('unknown', 0.0), ('queue-master', 0.0), ('carts-db', -0.00781325500920062), ('carts', -0.009192497356306645), ('catalogue-db', -0.06590428690806704), ('catalogue', -0.07753458755730329)]"
Thu Aug 20 10:42:33 2020,user,svc_latency,"[('payment', 0.5994289653439362), ('shipping', 0.38764050217115786), ('rabbitmq', 0.32949400215369057), ('carts', 0.07649438095020605), ('carts-db', 0.06502017221507359), ('orders', 0.028399331155327345), ('orders-db', 0.004827879485607259), ('front-end', 0.0), ('unknown', 0.0), ('queue-master', 0.0), ('user-db', -0.10189420465959234), ('user', -0.11987575121983975), ('catalogue-db', -0.12384043851445113), ('catalogue', -0.14569483908111597)]"
Thu Aug 20 10:42:44 2020,user,svc_latency,"[('payment', 0.5923794723071603), ('shipping', 0.3941877930186589), ('rabbitmq', 0.33506053687999166), ('carts', 0.07426973826744453), ('carts-db', 0.06312944918366935), ('orders', 0.02570056038089118), ('orders-db', 0.004369107172907513), ('front-end', 0.0), ('unknown', 0.0), ('queue-master', 0.0), ('user-db', -0.10149360696379854), ('user', -0.11940391756962641), ('catalogue-db', -0.12322681007282694), ('catalogue', -0.14497232260447182)]"
Thu Aug 20 10:42:56 2020,user,svc_latency,"[('payment', 0.5164328188891426), ('shipping', 0.3574577772352321), ('rabbitmq', 0.30383933481085024), ('orders', 0.196498400700156), ('carts', 0.061843065532397566), ('carts-db', 0.052566858778492535), ('orders-db', 0.03340472427499497), ('front-end', 0.0), ('queue-master', 0.0), ('unknown', 0.0), ('user-db', -0.09770636847316756), ('user', -0.11494898687263166), ('catalogue-db', -0.1421510620465872), ('catalogue', -0.1672365628288799)]"
Thu Aug 20 10:43:05 2020,user,svc_latency,"[('payment', 0.4073836575761851), ('shipping', 0.3028769484252129), ('orders', 0.29493908606274), ('rabbitmq', 0.2574461210400555), ('user', 0.055213609749179), ('orders-db', 0.050139714391981886), ('user-db', 0.04693199026900724), ('carts', 0.01405068520725046), ('carts-db', 0.011943455727472057), ('front-end', 0.0), ('unknown', 0.0), ('queue-master', 0.0), ('catalogue-db', -0.20258743786455582), ('catalogue', -0.2383378305845289)]"
Thu Aug 20 10:43:14 2020,user,svc_latency,"[('user', 0.31814086485757215), ('orders', 0.2935984438738627), ('user-db', 0.2704195561706791), ('payment', 0.24963933230706242), ('shipping', 0.1578643973690706), ('rabbitmq', 0.13418485937105337), ('orders-db', 0.04991162534183896), ('unknown', 0.0), ('front-end', 0.0), ('queue-master', 0.0), ('carts-db', -0.03349572973685693), ('carts', -0.03940731916093315), ('catalogue-db', -0.18417687540383165), ('catalogue', -0.21667915498951748)]"
Thu Aug 20 10:43:23 2020,user,svc_latency,"[('user', 0.3939178897888028), ('user-db', 0.3348325187744851), ('orders', 0.25983500592493436), ('payment', 0.15145140681759212), ('shipping', 0.08843545406741367), ('rabbitmq', 0.0751705225850263), ('orders-db', 0.044172278618272304), ('unknown', 0.0), ('front-end', 0.0), ('queue-master', 0.0), ('carts-db', -0.028803421795023283), ('carts', -0.03388592621498593), ('catalogue-db', -0.13100423832227542), ('catalogue', -0.15412149024424185)]"
Thu Aug 20 10:43:33 2020,user,svc_latency,"[('user', 0.4013334861803015), ('user-db', 0.3411342793740143), ('orders', 0.25200965226058314), ('payment', 0.0966654131785265), ('shipping', 0.06574190591678328), ('rabbitmq', 0.055880182688444704), ('orders-db', 0.04284182913956848), ('unknown', 0.0), ('front-end', 0.0), ('queue-master', 0.0), ('carts-db', -0.01559416219733704), ('carts', -0.018345189158169323), ('catalogue-db', -0.10184742449327393), ('catalogue', -0.11981997288944178)]"
Thu Aug 20 10:43:44 2020,user,svc_latency,"[('user', 0.41310575653669546), ('user-db', 0.35113787867495116), ('orders', 0.23858103081933063), ('payment', 0.07956915305407611), ('shipping', 0.049338565092733835), ('rabbitmq', 0.04193781543893214), ('orders-db', 0.04055850640264012), ('front-end', 0.0), ('unknown', 0.0), ('queue-master', 0.0), ('carts-db', -0.013574770680588367), ('carts', -0.015970792645252037), ('catalogue-db', -0.08485411288936755), ('catalogue', -0.09982902980415156)]"
Thu Aug 20 10:43:53 2020,user,svc_latency,"[('user', 0.4186344304583766), ('user-db', 0.3558399436413784), ('orders', 0.22977005099683906), ('payment', 0.06673059468026493), ('shipping', 0.04011373444745825), ('orders-db', 0.03906105642636787), ('rabbitmq', 0.034096134966462764), ('unknown', 0.0), ('front-end', 0.0), ('queue-master', 0.0), ('carts-db', -0.011065756174211109), ('carts', -0.013017701206706589), ('catalogue-db', -0.07358832073759758), ('catalogue', -0.08657416749863256)]"
Thu Aug 20 10:44:02 2020,user,svc_latency,"[('user', 0.4194382388332604), ('user-db', 0.356521506908483), ('orders', 0.2233324756558541), ('payment', 0.051062720914186434), ('orders-db', 0.037966368643534525), ('shipping', 0.036893105149211416), ('rabbitmq', 0.031359446944140085), ('front-end', 0.0), ('unknown', 0.0), ('queue-master', 0.0), ('carts-db', -0.006898139216936879), ('carts', -0.0081160001997432), ('catalogue-db', -0.06504081314599398), ('catalogue', -0.07651891048599568)]"
Thu Aug 20 11:40:33 2020,user,svc_latency,"[('payment', 0.8414497312338571), ('shipping', 0.08944955468245225), ('rabbitmq', 0.07603223920425539), ('carts', 0.011430381478094956), ('user', 0.010876333047280504), ('carts-db', 0.009715846399359502), ('user-db', 0.009244904554403176), ('front-end', 0.0), ('unknown', 0.0), ('queue-master', 0.0), ('orders-db', -0.0005671852596276174), ('orders', -0.003336379071463801), ('catalogue-db', -0.02035196846563278), ('catalogue', -0.023943457802979257)]"
Thu Aug 20 11:40:43 2020,user,svc_latency,"[('payment', 0.8170498653487246), ('shipping', 0.16307048255775505), ('rabbitmq', 0.13861014287583928), ('carts', 0.024772632794499233), ('carts-db', 0.021056775487365655), ('front-end', 0.0), ('queue-master', 0.0), ('unknown', 0.0), ('orders-db', -0.00016655841694277764), ('orders', -0.0009797537677945153), ('user-db', -0.022971685707715496), ('user', -0.027025470883317786), ('catalogue-db', -0.052110298500852505), ('catalogue', -0.06130613178756078)]"
Thu Aug 20 11:40:50 2020,user,svc_latency,"[('payment', 0.7762679013969238), ('shipping', 0.23097669389544562), ('rabbitmq', 0.19633060161241478), ('carts', 0.03980479935702436), ('carts-db', 0.033834127900589483), ('orders', 0.006440870569412996), ('orders-db', 0.001094950445190615), ('front-end', 0.0), ('unknown', 0.0), ('queue-master', 0.0), ('user-db', -0.05132886276145498), ('user', -0.060386730326835614), ('catalogue-db', -0.07950236597221139), ('catalogue', -0.09353198611649946)]"
Thu Aug 20 11:48:19 2020,carts,svc_latency,"[('payment', 0.5901673871795794), ('shipping', 0.39603339227401263), ('rabbitmq', 0.33662876171243866), ('carts', 0.07762396642860749), ('carts-db', 0.06598042503587154), ('orders', 0.020038785128613044), ('orders-db', 0.0034065975588998183), ('front-end', 0.0), ('queue-master', 0.0), ('unknown', 0.0), ('user-db', -0.10090702405953239), ('user', -0.11871397342274283), ('catalogue-db', -0.1241728211544), ('catalogue', -0.14608549668134682)]"
Thu Aug 20 11:48:29 2020,carts,svc_latency,"[('payment', 0.5978611761629161), ('shipping', 0.39089766650261226), ('rabbitmq', 0.3322627550544159), ('carts', 0.07571744840532911), ('carts-db', 0.06435983226549498), ('orders', 0.022257109634327886), ('orders-db', 0.0037837049291141976), ('unknown', 0.0), ('front-end', 0.0), ('queue-master', 0.0), ('user-db', -0.09983967758431839), ('user', -0.11745863488326796), ('catalogue-db', -0.12398110912946508), ('catalogue', -0.14586027135715846)]"
Thu Aug 20 11:48:43 2020,carts,svc_latency,"[('payment', 0.5770641977870995), ('shipping', 0.40132960609766705), ('rabbitmq', 0.34113008283370166), ('carts', 0.08052419650808627), ('carts-db', 0.06844554972023148), ('orders', 0.026928180596673477), ('orders-db', 0.004577789609591171), ('unknown', 0.0), ('front-end', 0.0), ('queue-master', 0.0), ('user-db', -0.10292554935235816), ('user', -0.12108890931087), ('catalogue-db', -0.12680396895809762), ('catalogue', -0.14918117553172472)]"
Thu Aug 20 11:48:51 2020,carts,svc_latency,"[('carts', 0.5103391890040027), ('carts-db', 0.43378575963891985), ('payment', 0.1004909852019245), ('shipping', 0.06707866779250006), ('rabbitmq', 0.05701660543813858), ('orders', 0.03839445325638838), ('orders-db', 0.006527017402710886), ('front-end', 0.0), ('unknown', 0.0), ('queue-master', 0.0), ('user-db', -0.04428517669564853), ('user', -0.052100623419719494), ('catalogue-db', -0.053870010120139734), ('catalogue', -0.06337686749907658)]"
Thu Aug 20 11:49:03 2020,carts,svc_latency,"[('carts', 0.5027399006414802), ('carts-db', 0.42732527310810564), ('payment', 0.05170863348803749), ('orders', 0.04609045944019374), ('shipping', 0.03783899787964472), ('rabbitmq', 0.03216300295288657), ('orders-db', 0.00783530876222646), ('front-end', 0.0), ('queue-master', 0.0), ('unknown', 0.0), ('user-db', -0.020224404537817483), ('user', -0.023793791673401114), ('catalogue-db', -0.028340876883753485), ('catalogue', -0.03334250317760256)]"
Thu Aug 20 11:49:10 2020,carts,svc_latency,"[('carts', 0.49951776268530523), ('carts-db', 0.42459432155544224), ('orders', 0.04721170838056393), ('payment', 0.0380372123924409), ('shipping', 0.025823599379870298), ('rabbitmq', 0.021950122176868786), ('orders-db', 0.008026073359037628), ('unknown', 0.0), ('front-end', 0.0), ('queue-master', 0.0), ('user-db', -0.010952740494447845), ('user', -0.012885250834531563), ('catalogue-db', -0.018986261350105848), ('catalogue', -0.02233654725044401)]"
Fri Aug 21 11:13:02 2020,1,svc_latency,"[('payment', 0.5303755546844947), ('shipping', 0.43476027431583514), ('rabbitmq', 0.3695468232764368), ('carts', 0.07848923426796493), ('carts-db', 0.06671594781309852), ('orders', 0.008345185599749689), ('orders-db', 0.001418683854144686), ('front-end', 0.0), ('unknown', 0.0), ('queue-master', 0.0), ('user-db', -0.10546939259814485), ('catalogue-db', -0.11950591707770893), ('user', -0.12408142572650067), ('catalogue', -0.14059496840936997)]"
Fri Aug 21 11:13:20 2020,1,svc_latency,"[('payment', 0.5407745742330203), ('shipping', 0.4279814151473337), ('rabbitmq', 0.3637846345597039), ('carts', 0.08124555879073457), ('carts-db', 0.06905880075593218), ('orders', 0.008658252472891714), ('orders-db', 0.0014719046978124923), ('front-end', 0.0), ('unknown', 0.0), ('queue-master', 0.0), ('user-db', -0.10581503970240297), ('catalogue-db', -0.12068720391070022), ('user', -0.12448812272311227), ('catalogue', -0.14198477432121392)]"
Fri Aug 21 11:13:46 2020,1,svc_latency,"[('payment', 0.5494325594699715), ('shipping', 0.42256913183374234), ('rabbitmq', 0.35918404815465754), ('carts', 0.08131497218109779), ('carts-db', 0.06911777612129631), ('orders', 0.010609905771156771), ('orders-db', 0.0018036854506314531), ('front-end', 0.0), ('queue-master', 0.0), ('unknown', 0.0), ('user-db', -0.10585997048977037), ('catalogue-db', -0.12112784497882252), ('user', -0.1245410325832387), ('catalogue', -0.14250323093072262)]"
Fri Aug 21 11:28:45 2020,user,svc_latency,"[('payment', 0.594049064429829), ('shipping', 0.39654828943529663), ('rabbitmq', 0.33706763857916555), ('carts', 0.06389032403558757), ('carts-db', 0.05430698670774402), ('orders', 0.026800159164572596), ('orders-db', 0.004556049314211929), ('front-end', 0.0), ('queue-master', 0.0), ('unknown', 0.0), ('user-db', -0.0970908498141172), ('user', -0.11422390766515754), ('catalogue-db', -0.12217231776705764), ('catalogue', -0.14373143642007474)]"
Fri Aug 21 11:28:54 2020,user,svc_latency,"[('payment', 0.5669012453945643), ('shipping', 0.41111341623991954), ('rabbitmq', 0.34944554166824315), ('carts', 0.08522025088122574), ('carts-db', 0.07243704814657424), ('orders', 0.008737804106308889), ('orders-db', 0.0014854229603201514), ('unknown', 0.0), ('front-end', 0.0), ('queue-master', 0.0), ('user-db', -0.10427548114338177), ('user', -0.12267736553009106), ('catalogue-db', -0.1233131837965481), ('catalogue', -0.1450746989271354)]"
Fri Aug 21 11:29:03 2020,user,svc_latency,"[('payment', 0.4675991409096584), ('shipping', 0.35730832050770966), ('rabbitmq', 0.3037113012210717), ('orders', 0.22387422822382114), ('carts', 0.07729873345920238), ('carts-db', 0.06570377474800837), ('orders-db', 0.03805851925447622), ('unknown', 0.0), ('front-end', 0.0), ('queue-master', 0.0), ('user-db', -0.09912856044712828), ('user', -0.1166221680945345), ('catalogue-db', -0.14601752129745837), ('catalogue', -0.1717857684848268)]"
Fri Aug 21 11:29:13 2020,user,svc_latency,"[('orders', 0.35575535043041057), ('payment', 0.3433182681953771), ('shipping', 0.22579161281290536), ('rabbitmq', 0.19192349872715325), ('user', 0.12455012993411393), ('user-db', 0.10586811257958775), ('orders-db', 0.06047849791375346), ('front-end', 0.0), ('queue-master', 0.0), ('unknown', 0.0), ('carts-db', -0.00834183295700994), ('carts', -0.009814315608011638), ('catalogue-db', -0.17897307305348412), ('catalogue', -0.2105562489747958)]"
Fri Aug 21 11:29:26 2020,user,svc_latency,"[('user', 0.32556035797939614), ('orders', 0.31596216325972043), ('user-db', 0.2767276578622293), ('payment', 0.15837334279361162), ('shipping', 0.1158080217292773), ('rabbitmq', 0.09843675864765773), ('orders-db', 0.05371399357209773), ('front-end', 0.0), ('queue-master', 0.0), ('unknown', 0.0), ('carts-db', -0.021637681606025385), ('carts', -0.02545490575657454), ('catalogue-db', -0.1366850463678657), ('catalogue', -0.16080466211352457)]"
Fri Aug 21 11:29:34 2020,user,svc_latency,"[('user', 0.3727774324552357), ('user-db', 0.31686257660785744), ('orders', 0.2805938444784476), ('payment', 0.09322158271279624), ('shipping', 0.07282509820567894), ('rabbitmq', 0.06190130890970067), ('orders-db', 0.047701287256530264), ('unknown', 0.0), ('front-end', 0.0), ('queue-master', 0.0), ('carts-db', -0.014149210956173783), ('carts', -0.016645475739173812), ('catalogue-db', -0.09882479387667495), ('catalogue', -0.11626365005422454)]"
Fri Aug 21 11:29:44 2020,user,svc_latency,"[('user', 0.40744598410215405), ('user-db', 0.3463308065208028), ('orders', 0.246733965813139), ('payment', 0.07602869715155133), ('orders-db', 0.04194506125314546), ('shipping', 0.040207930370813084), ('rabbitmq', 0.03417632451663243), ('queue-master', 0.0), ('front-end', 0.0), ('unknown', 0.0), ('carts-db', -0.010943101681656176), ('carts', -0.012873384227492166), ('catalogue-db', -0.07767295828477191), ('catalogue', -0.09137932553431728)]"
Fri Aug 21 11:29:57 2020,user,svc_latency,"[('user', 0.4156211745469394), ('user-db', 0.3532784363197744), ('orders', 0.2337948711973673), ('payment', 0.06420587718315669), ('orders-db', 0.03974525334901064), ('shipping', 0.03523632787156713), ('rabbitmq', 0.029950297772321954), ('front-end', 0.0), ('unknown', 0.0), ('queue-master', 0.0), ('carts-db', -0.009406099860958653), ('carts', -0.01106517049688776), ('catalogue-db', -0.06954434694511957), ('catalogue', -0.08181662093717154)]"
Fri Aug 21 11:30:03 2020,user,svc_latency,"[('user', 0.42278376733230255), ('user-db', 0.35936541769581337), ('orders', 0.22199590096543426), ('payment', 0.05691923641359183), ('orders-db', 0.03773918156933114), ('shipping', 0.034177420669381), ('rabbitmq', 0.029051087297660014), ('front-end', 0.0), ('unknown', 0.0), ('queue-master', 0.0), ('carts-db', -0.010056881091357706), ('carts', -0.011832102147102182), ('catalogue-db', -0.06438992807372887), ('catalogue', -0.07575310063132507)]"
Fri Aug 21 11:30:12 2020,user,svc_latency,"[('user', 0.42348185106072295), ('user-db', 0.35995861158449266), ('orders', 0.21998432178096183), ('payment', 0.05231664112144846), ('orders-db', 0.037397195281186804), ('shipping', 0.029111788016829995), ('rabbitmq', 0.024745307715698838), ('front-end', 0.0), ('unknown', 0.0), ('queue-master', 0.0), ('carts-db', -0.007211748374508448), ('carts', -0.008484888724631275), ('catalogue-db', -0.060326482506999436), ('catalogue', -0.07097259695520235)]"
Fri Aug 21 16:34:33 2020,user,svc_latency,"[('payment', 0.5534313535352403), ('shipping', 0.42003903397058984), ('rabbitmq', 0.3570326973090525), ('carts', 0.0757189091745528), ('carts-db', 0.06436100471631956), ('orders', 0.019116477485798908), ('orders-db', 0.0032497965813028393), ('front-end', 0.0), ('unknown', 0.0), ('queue-master', 0.0), ('user-db', -0.10414205072566958), ('catalogue-db', -0.12234797037016927), ('user', -0.12252025965082286), ('catalogue', -0.14393899202619545)]"
Fri Aug 21 16:34:36 2020,user,svc_latency,"[('payment', 0.5534313535352403), ('shipping', 0.42003903397058984), ('rabbitmq', 0.3570326973090525), ('carts', 0.0757189091745528), ('carts-db', 0.06436100471631956), ('orders', 0.019116477485798908), ('orders-db', 0.0032497965813028393), ('queue-master', 0.0), ('front-end', 0.0), ('unknown', 0.0), ('user-db', -0.10414205072566958), ('catalogue-db', -0.12234797037016927), ('user', -0.12252025965082286), ('catalogue', -0.14393899202619545)]"
Fri Aug 21 16:34:42 2020,user,svc_latency,"[('payment', 0.5433370080198812), ('shipping', 0.3795973057325581), ('rabbitmq', 0.3226573797959097), ('user', 0.08445810933195783), ('user-db', 0.07178928736601871), ('orders', 0.06624114013667877), ('orders-db', 0.011260983745387664), ('front-end', 0.0), ('unknown', 0.0), ('queue-master', 0.0), ('carts-db', -0.004126944433306334), ('carts', -0.004855184479116058), ('catalogue-db', -0.2161108265018628), ('catalogue', -0.25424825871410667)]"
Fri Aug 21 16:34:55 2020,user,svc_latency,"[('user', 0.38531778152478874), ('user-db', 0.32752050078752915), ('payment', 0.3201840104502461), ('shipping', 0.18859104257178128), ('orders', 0.1675070678966503), ('rabbitmq', 0.1603024008939581), ('orders-db', 0.02847626485498966), ('front-end', 0.0), ('unknown', 0.0), ('queue-master', 0.0), ('carts-db', -0.05443020180618235), ('carts', -0.06403498716409733), ('catalogue-db', -0.21109149585806583), ('catalogue', -0.2483423841515984)]"
Fri Aug 21 16:35:07 2020,user,svc_latency,"[('user', 0.4392853196285124), ('user-db', 0.37339065243266667), ('orders', 0.19260556192707212), ('payment', 0.18376669955219105), ('shipping', 0.10019902778428424), ('rabbitmq', 0.08516900189629834), ('orders-db', 0.032742752683501235), ('front-end', 0.0), ('unknown', 0.0), ('queue-master', 0.0), ('carts-db', -0.04095844864208387), ('carts', -0.048187082083717366), ('catalogue-db', -0.14611383883200482), ('catalogue', -0.17189964634672023)]"
Fri Aug 21 16:35:12 2020,user,svc_latency,"[('user', 0.45190408538369675), ('user-db', 0.3841208488114174), ('orders', 0.18354981857286212), ('payment', 0.10927104813587188), ('shipping', 0.06753318134087344), ('rabbitmq', 0.05740312898227351), ('orders-db', 0.031203703281608087), ('unknown', 0.0), ('front-end', 0.0), ('queue-master', 0.0), ('carts-db', -0.02641305326392675), ('carts', -0.03107335203061788), ('catalogue-db', -0.10452717951831188), ('catalogue', -0.12297222969574644)]"
Fri Aug 21 16:35:23 2020,user,svc_latency,"[('user', 0.4494688649158025), ('user-db', 0.38204949577334907), ('orders', 0.18598119222533563), ('payment', 0.08117126479252157), ('shipping', 0.05247319642254768), ('rabbitmq', 0.04460194463639735), ('orders-db', 0.03161691819568882), ('front-end', 0.0), ('unknown', 0.0), ('queue-master', 0.0), ('carts-db', -0.019036762096472468), ('carts', -0.02239559677609801), ('catalogue-db', -0.08542770405365406), ('catalogue', -0.10050281403541822)]"
Fri Aug 21 16:35:35 2020,user,svc_latency,"[('user', 0.44769016618111096), ('user-db', 0.3805375977545622), ('orders', 0.18632266013886783), ('payment', 0.06569925566867199), ('shipping', 0.0430426650330383), ('rabbitmq', 0.0365860890276161), ('orders-db', 0.031674956540176755), ('queue-master', 0.0), ('front-end', 0.0), ('unknown', 0.0), ('carts-db', -0.014897041217063606), ('carts', -0.01752552401749668), ('catalogue-db', -0.0731142930452294), ('catalogue', -0.08601653206425423)]"
Fri Aug 21 16:35:42 2020,user,svc_latency,"[('user', 0.45023651856644203), ('user-db', 0.38269985425227593), ('orders', 0.18160659950322097), ('payment', 0.058770440405997305), ('shipping', 0.03451114953085033), ('orders-db', 0.030873000882199894), ('rabbitmq', 0.029334675891534143), ('front-end', 0.0), ('queue-master', 0.0), ('unknown', 0.0), ('carts-db', -0.013608159696400005), ('carts', -0.016010031574333616), ('catalogue-db', -0.06359550880004632), ('catalogue', -0.07481853896174032)]"
Fri Aug 21 16:35:56 2020,user,svc_latency,"[('user', 0.4418479564264311), ('user-db', 0.37556965658575403), ('orders', 0.19130685419043447), ('payment', 0.049129343453672106), ('orders-db', 0.03252204113496926), ('shipping', 0.031670356022417766), ('rabbitmq', 0.026920026403049684), ('front-end', 0.0), ('unknown', 0.0), ('queue-master', 0.0), ('carts-db', -0.009698508789115896), ('carts', -0.011410437975732594), ('catalogue-db', -0.058745119032951494), ('catalogue', -0.06911216841892844)]"
Fri Aug 21 16:38:32 2020,catalogue,svc_latency,"[('payment', 0.4186786966712523), ('user', 0.29035242748710705), ('shipping', 0.27322734691819517), ('user-db', 0.24679944049809852), ('rabbitmq', 0.23224314453305753), ('orders', 0.14053122342237673), ('orders-db', 0.023890271023646308), ('front-end', 0.0), ('unknown', 0.0), ('queue-master', 0.0), ('carts-db', -0.045961997827347015), ('carts', -0.0540733268967388), ('catalogue-db', -0.2415317666521529), ('catalogue', -0.2841554591774947)]"
Fri Aug 21 16:38:41 2020,catalogue,svc_latency,"[('payment', 0.5966628414484896), ('shipping', 0.39222726303055405), ('rabbitmq', 0.3333926567128522), ('carts', 0.06582075472243981), ('carts-db', 0.05594759981187491), ('orders', 0.030427126639681674), ('orders-db', 0.005172602669987793), ('front-end', 0.0), ('unknown', 0.0), ('queue-master', 0.0), ('user-db', -0.08882793603621543), ('user', -0.1045036968012267), ('catalogue-db', -0.1315519486858202), ('catalogue', -0.15476726351261783)]"
Fri Aug 21 16:38:58 2020,catalogue,svc_latency,"[('payment', 0.5753053048219877), ('shipping', 0.40722930497500043), ('rabbitmq', 0.3461446263359566), ('carts', 0.07594848157238651), ('carts-db', 0.06455616683785302), ('orders', 0.016680121441398806), ('orders-db', 0.002835618224249872), ('front-end', 0.0), ('unknown', 0.0), ('queue-master', 0.0), ('user-db', -0.09974030813642991), ('user', -0.1173416539986487), ('catalogue-db', -0.12479724660668817), ('catalogue', -0.14682041546706623)]"
Fri Aug 21 16:39:04 2020,catalogue,svc_latency,"[('payment', 0.544707422459719), ('shipping', 0.3753710750761547), ('rabbitmq', 0.3190665192721047), ('catalogue', 0.176470163662439), ('catalogue-db', 0.15000009987732935), ('front-end', 0.0), ('queue-master', 0.0), ('unknown', 0.0), ('carts-db', -0.009214122036456107), ('carts', -0.010840257758349833), ('orders-db', -0.013150403653484572), ('orders', -0.07735507799179461), ('user-db', -0.2090797961906417), ('user', -0.2459756227170202)]"
Fri Aug 21 16:39:13 2020,catalogue,svc_latency,"[('catalogue', 0.4430541162557418), ('catalogue-db', 0.3765942718251603), ('payment', 0.3716315927572127), ('shipping', 0.22554743061308277), ('rabbitmq', 0.19171426891033125), ('front-end', 0.0), ('unknown', 0.0), ('queue-master', 0.0), ('orders-db', -0.014442448593553613), ('carts-db', -0.048004582033739314), ('carts', -0.056476040270128036), ('orders', -0.08495596955277923), ('user-db', -0.18592570770150715), ('user', -0.21873693220982177)]"
Fri Aug 21 16:39:24 2020,catalogue,svc_latency,"[('catalogue', 0.5085552890595936), ('catalogue-db', 0.43227388731432637), ('payment', 0.24828466445386757), ('shipping', 0.15027650734487727), ('rabbitmq', 0.12773571039323303), ('unknown', 0.0), ('front-end', 0.0), ('queue-master', 0.0), ('orders-db', -0.012105687762465595), ('carts-db', -0.03743280067802185), ('carts', -0.04403853771429003), ('orders', -0.07120961640263576), ('user-db', -0.13891296827099625), ('user', -0.16342644773748866)]"
Fri Aug 21 16:39:32 2020,catalogue,svc_latency,"[('catalogue', 0.5251443507492038), ('catalogue-db', 0.4463702907756652), ('payment', 0.18135347002079927), ('shipping', 0.10798606326725375), ('rabbitmq', 0.09178755023950345), ('front-end', 0.0), ('unknown', 0.0), ('queue-master', 0.0), ('orders-db', -0.009359793100187181), ('carts-db', -0.027592781527426138), ('carts', -0.032462143330519624), ('orders', -0.05505790340799088), ('user-db', -0.10483420608212149), ('user', -0.12333489760417946)]"
Fri Aug 21 16:39:47 2020,catalogue,svc_latency,"[('catalogue', 0.5287455003461085), ('catalogue-db', 0.4494370962141889), ('payment', 0.14083337552652261), ('shipping', 0.07469829362915041), ('rabbitmq', 0.06349413020214814), ('queue-master', 0.0), ('front-end', 0.0), ('unknown', 0.0), ('orders-db', -0.006112030644323562), ('carts-db', -0.020585146199525096), ('carts', -0.024217749225831794), ('orders', -0.03595284777765061), ('user-db', -0.07826487954098295), ('user', -0.09207574252980422)]"
Fri Aug 21 16:39:53 2020,catalogue,svc_latency,"[('catalogue', 0.5250950613413021), ('catalogue-db', 0.4463277482336523), ('payment', 0.10843596232880479), ('shipping', 0.0665732869182393), ('rabbitmq', 0.05658683841973492), ('front-end', 0.0), ('unknown', 0.0), ('queue-master', 0.0), ('orders-db', -0.004907596526517806), ('carts-db', -0.015336146304649712), ('carts', -0.018042568190839877), ('orders', -0.028868412386733294), ('user-db', -0.062423885898507385), ('user', -0.07344028793448475)]"
Fri Aug 21 16:40:05 2020,catalogue,svc_latency,"[('catalogue', 0.5223940803790181), ('catalogue-db', 0.44403814833641436), ('payment', 0.0901846363683241), ('shipping', 0.05867107310218245), ('rabbitmq', 0.049870827528993245), ('front-end', 0.0), ('unknown', 0.0), ('queue-master', 0.0), ('orders-db', -0.004062165786493655), ('carts-db', -0.011871997862392845), ('carts', -0.013967024798133387), ('orders', -0.023894921735133724), ('user-db', -0.051166792107898075), ('user', -0.06019586342487992)]"
Fri Aug 21 16:42:42 2020,order,svc_latency,"[('payment', 0.4864731035878355), ('catalogue', 0.3518205574144204), ('catalogue-db', 0.2990462138508429), ('shipping', 0.2754339579974686), ('rabbitmq', 0.23411769050431944), ('front-end', 0.0), ('unknown', 0.0), ('queue-master', 0.0), ('orders-db', -0.015719977211395657), ('carts-db', -0.03678456934940717), ('carts', -0.04327592580029822), ('orders', -0.09247084378426111), ('user-db', -0.21072620307599785), ('user', -0.24791400413352635)]"
Fri Aug 21 16:42:53 2020,order,svc_latency,"[('payment', 0.58898720699139), ('shipping', 0.4053201526672366), ('rabbitmq', 0.34452320928747243), ('carts', 0.032622741389430804), ('carts-db', 0.027729467304314803), ('catalogue', 0.00014413514429175036), ('catalogue-db', 0.00012251523710592806), ('front-end', 0.0), ('unknown', 0.0), ('queue-master', 0.0), ('orders-db', -0.004813997190792858), ('orders', -0.02831754629487779), ('user-db', -0.16830845832699426), ('user', -0.19800942620857773)]"
Fri Aug 21 16:43:04 2020,order,svc_latency,"[('payment', 0.5580203242378899), ('shipping', 0.4148801144558543), ('rabbitmq', 0.3526478134923009), ('carts', 0.08030991834080516), ('carts-db', 0.0682633889168884), ('orders', 0.02149760392033616), ('orders-db', 0.0036545895549719813), ('front-end', 0.0), ('unknown', 0.0), ('queue-master', 0.0), ('user-db', -0.10494229048869817), ('user', -0.12346164268433286), ('catalogue-db', -0.12445364368939674), ('catalogue', -0.1464161760566191)]"
Fri Aug 21 16:43:15 2020,order,svc_latency,"[('payment', 0.6001708943779358), ('shipping', 0.39225137781746583), ('rabbitmq', 0.3334145456628942), ('carts', 0.07516737672189519), ('carts-db', 0.0638924102999277), ('orders', 0.013468010043293675), ('orders-db', 0.0022895679462959172), ('front-end', 0.0), ('queue-master', 0.0), ('unknown', 0.0), ('user-db', -0.10101259879211763), ('user', -0.1188379876730913), ('catalogue-db', -0.11982885592989413), ('catalogue', -0.14097474047460487)]"
Fri Aug 21 16:43:27 2020,order,svc_latency,"[('payment', 0.5721888031282875), ('shipping', 0.4064216253820526), ('rabbitmq', 0.34545922527581685), ('carts', 0.08007848144709839), ('carts-db', 0.06806683291861017), ('orders', 0.021082541656390067), ('orders-db', 0.0035840413844895357), ('front-end', 0.0), ('unknown', 0.0), ('queue-master', 0.0), ('user-db', -0.1037149174147129), ('user', -0.12201717084547109), ('catalogue-db', -0.1245823604672439), ('catalogue', -0.146567102465317)]"
Fri Aug 21 16:43:33 2020,order,svc_latency,"[('payment', 0.5584768173598408), ('shipping', 0.4131350593417372), ('rabbitmq', 0.3511646181947214), ('carts', 0.08231005504511663), ('carts-db', 0.06996352048255176), ('orders', 0.02371680730341289), ('orders-db', 0.004031855005716588), ('front-end', 0.0), ('unknown', 0.0), ('queue-master', 0.0), ('user-db', -0.1048012048527887), ('user', -0.12329561819141277), ('catalogue-db', -0.12621435310456297), ('catalogue', -0.1484875565843326)]"
Fri Aug 21 16:43:46 2020,order,svc_latency,"[('payment', 0.5938685846154728), ('shipping', 0.39689685147735465), ('rabbitmq', 0.3373619169572509), ('carts', 0.07801712031194911), ('carts-db', 0.06631447908946755), ('orders', 0.008175122208695302), ('orders-db', 0.0013897690648600669), ('front-end', 0.0), ('unknown', 0.0), ('queue-master', 0.0), ('user-db', -0.1018895916693189), ('catalogue-db', -0.11958067109706413), ('user', -0.11987026532957352), ('catalogue', -0.14068331562909397)]"
Fri Aug 21 16:43:54 2020,order,svc_latency,"[('payment', 0.5684381637553289), ('shipping', 0.40983344985115944), ('rabbitmq', 0.34835806983535406), ('carts', 0.08048819412817411), ('carts-db', 0.06841490650601346), ('orders', 0.016823553558682796), ('orders-db', 0.002860000998842113), ('front-end', 0.0), ('unknown', 0.0), ('queue-master', 0.0), ('user-db', -0.10384785561384093), ('user', -0.12217409905726916), ('catalogue-db', -0.12368383353511284), ('catalogue', -0.14551055042733213)]"
Fri Aug 21 16:44:03 2020,order,svc_latency,"[('payment', 0.5599421658850753), ('shipping', 0.41315719180533794), ('rabbitmq', 0.351183374934555), ('carts', 0.08133117481835106), ('carts-db', 0.06913146336247254), ('orders', 0.021984464442488187), ('orders-db', 0.0037373562671159932), ('unknown', 0.0), ('front-end', 0.0), ('queue-master', 0.0), ('user-db', -0.10440027749233796), ('user', -0.12282396126181613), ('catalogue-db', -0.12554401056706635), ('catalogue', -0.14769894219417598)]"
Fri Aug 21 16:44:18 2020,order,svc_latency,"[('payment', 0.6088158123963087), ('shipping', 0.38704297455218756), ('rabbitmq', 0.328987220408465), ('carts', 0.07358240442416691), ('carts-db', 0.06254515407659104), ('orders', 0.01270194161326726), ('orders-db', 0.0021593347887318317), ('front-end', 0.0), ('unknown', 0.0), ('queue-master', 0.0), ('user-db', -0.09948746986061752), ('user', -0.11704379577739096), ('catalogue-db', -0.11913962175461125), ('catalogue', -0.14016395486709826)]"
Fri Aug 21 16:46:53 2020,shipping,svc_latency,"[('payment', 0.5649352168390752), ('shipping', 0.41366435887032643), ('rabbitmq', 0.35161421642355517), ('carts', 0.07717200324272191), ('carts-db', 0.06559612677245509), ('orders', 0.015440555279012133), ('orders-db', 0.002624890610556839), ('queue-master', 0.0), ('front-end', 0.0), ('unknown', 0.0), ('user-db', -0.10337887149011847), ('user', -0.1216223991564519), ('catalogue-db', -0.12223730077472708), ('catalogue', -0.14380879661640564)]"
Fri Aug 21 16:47:03 2020,shipping,svc_latency,"[('payment', 0.5557606456727532), ('shipping', 0.41693628520732023), ('rabbitmq', 0.3543954263305834), ('carts', 0.07990374249952598), ('carts-db', 0.06791811810135213), ('orders', 0.019533612794971407), ('orders-db', 0.0033207100824961763), ('front-end', 0.0), ('unknown', 0.0), ('queue-master', 0.0), ('user-db', -0.10460905243625508), ('user', -0.12306964946610632), ('catalogue-db', -0.12409524866268513), ('catalogue', -0.14599459012395585)]"
Fri Aug 21 16:47:14 2020,shipping,svc_latency,"[('shipping', 0.5216451780001585), ('rabbitmq', 0.4433945511726295), ('payment', 0.09689569531645653), ('orders', 0.018646430129808874), ('carts', 0.008381428564103961), ('carts-db', 0.0071242095384579955), ('orders-db', 0.0031698651821515083), ('queue-master', 0.0), ('unknown', 0.0), ('front-end', 0.0), ('user-db', -0.020080965560169094), ('user', -0.02362494189619785), ('catalogue-db', -0.025523517789282083), ('catalogue', -0.030027932658117373)]"
Fri Aug 21 16:47:25 2020,shipping,svc_latency,"[('shipping', 0.5048492601941343), ('rabbitmq', 0.4291259245005065), ('payment', 0.03817939349878701), ('orders', 0.023959985647437988), ('carts', 0.00912109022719879), ('carts-db', 0.007752924878069063), ('orders-db', 0.004073236759510717), ('front-end', 0.0), ('queue-master', 0.0), ('unknown', 0.0), ('user-db', -0.0017381728978109424), ('user', -0.0020447996984254667), ('catalogue-db', -0.006101121815199656), ('catalogue', -0.007177721294208012)]"
Fri Aug 21 16:47:34 2020,shipping,svc_latency,"[('shipping', 0.5005659701802885), ('rabbitmq', 0.42547593678904055), ('payment', 0.0264979905851289), ('orders', 0.0246956254608589), ('carts', 0.009500893765438395), ('carts-db', 0.008075759795711976), ('orders-db', 0.004198204650829346), ('user', 0.002681747916315362), ('user-db', 0.002279557171922209), ('unknown', 0.0), ('front-end', 0.0), ('queue-master', 0.0), ('catalogue-db', -0.0018248167058086497), ('catalogue', -0.002146869609725494)]"
Fri Aug 21 16:47:44 2020,shipping,svc_latency,"[('shipping', 0.49898605896838), ('rabbitmq', 0.4241334433107103), ('orders', 0.024750307298791296), ('payment', 0.022338661335938387), ('carts', 0.009438277399339917), ('carts-db', 0.008022536266425413), ('user', 0.004553709800809576), ('orders-db', 0.004207504643046738), ('user-db', 0.0038707007756604707), ('front-end', 0.0), ('queue-master', 0.0), ('unknown', 0.0), ('catalogue-db', -0.00013838825065319346), ('catalogue', -0.00016281154844922395)]"
Fri Aug 21 16:47:56 2020,shipping,svc_latency,"[('shipping', 0.4976735310387643), ('rabbitmq', 0.4230275103202356), ('orders', 0.025082059259122547), ('payment', 0.0191090287371163), ('carts', 0.009571866169072095), ('carts-db', 0.008136086129638677), ('user', 0.005872822647288471), ('user-db', 0.004991861175385497), ('orders-db', 0.004264001554032177), ('catalogue', 0.0012276866867245886), ('catalogue-db', 0.0010435462826191794), ('queue-master', 0.0), ('front-end', 0.0), ('unknown', 0.0)]"
Fri Aug 21 16:48:06 2020,shipping,svc_latency,"[('shipping', 0.49684963408406563), ('rabbitmq', 0.4223174123329857), ('orders', 0.02541026510049521), ('payment', 0.017144869866247317), ('carts', 0.009611710602982885), ('carts-db', 0.008169954772267743), ('user', 0.006683204300738207), ('user-db', 0.005680753129546554), ('orders-db', 0.004319695237237632), ('catalogue', 0.002060822043200832), ('catalogue-db', 0.0017516785302321525), ('queue-master', 0.0), ('front-end', 0.0), ('unknown', 0.0)]"
Fri Aug 21 16:48:14 2020,shipping,svc_latency,"[('shipping', 0.4962346710022235), ('rabbitmq', 0.4217943449490518), ('orders', 0.0263251974474844), ('payment', 0.015969938021790753), ('carts', 0.00953718798340095), ('carts-db', 0.008106614982247703), ('user', 0.00710882290705624), ('user-db', 0.006042530266352724), ('orders-db', 0.004475228063818259), ('catalogue', 0.002381345664815803), ('catalogue-db', 0.0020241187117580398), ('front-end', 0.0), ('queue-master', 0.0), ('unknown', 0.0)]"
Fri Aug 21 16:48:26 2020,shipping,svc_latency,"[('shipping', 0.49582975820901226), ('rabbitmq', 0.42144987029721664), ('orders', 0.026797799160297335), ('payment', 0.015153766006368759), ('carts', 0.009619910341926989), ('carts-db', 0.008176930310896006), ('user', 0.007371281362840558), ('user-db', 0.006265620794640528), ('orders-db', 0.004555565993869604), ('catalogue', 0.002583527772722971), ('catalogue-db', 0.0021959697502083706), ('front-end', 0.0), ('queue-master', 0.0), ('unknown', 0.0)]"
Fri Aug 21 16:51:04 2020,payment,svc_latency,"[('shipping', 0.502146459456244), ('rabbitmq', 0.42682901398677325), ('payment', 0.030733710194082418), ('orders', 0.024552971359329538), ('carts', 0.008833362416698924), ('carts-db', 0.00750835194524822), ('orders-db', 0.004174050219735135), ('user', 0.0011851480912658929), ('user-db', 0.0010072995433920212), ('front-end', 0.0), ('unknown', 0.0), ('queue-master', 0.0), ('catalogue-db', -0.003202619851882314), ('catalogue', -0.0037677473608871146)]"
Fri Aug 21 16:51:14 2020,payment,svc_latency,"[('shipping', 0.508093655818914), ('rabbitmq', 0.4318751852671596), ('payment', 0.047487767990380576), ('orders', 0.022933979313136857), ('carts', 0.008702523569410732), ('carts-db', 0.00739714794256826), ('orders-db', 0.003898735839794359), ('front-end', 0.0), ('unknown', 0.0), ('queue-master', 0.0), ('user-db', -0.004706441437617456), ('user', -0.005537141792196505), ('catalogue-db', -0.009255948185757795), ('catalogue', -0.010889464325791947)]"
Fri Aug 21 16:51:25 2020,payment,svc_latency,"[('shipping', 0.5255652000711183), ('rabbitmq', 0.44673364388944825), ('payment', 0.11794898403244765), ('orders', 0.017823838116234548), ('carts', 0.009615179561823457), ('carts-db', 0.008172915230824336), ('orders-db', 0.003030074666547419), ('front-end', 0.0), ('unknown', 0.0), ('queue-master', 0.0), ('user-db', -0.026639415266271112), ('user', -0.0313402034905746), ('catalogue-db', -0.03258049883811701), ('catalogue', -0.03832971797348134)]"
Fri Aug 21 16:51:37 2020,payment,svc_latency,"[('payment', 0.8387788424203898), ('shipping', 0.051743027898218816), ('rabbitmq', 0.0439815611795591), ('orders', 0.036774120784953034), ('carts', 0.020331984505300237), ('carts-db', 0.017282136278284305), ('orders-db', 0.006251609435104683), ('front-end', 0.0), ('unknown', 0.0), ('queue-master', 0.0), ('user-db', -8.170606605985286e-06), ('user', -9.524042033178491e-06), ('catalogue-db', -0.006949599767959655), ('catalogue', -0.008175988085210589)]"
Fri Aug 21 16:51:44 2020,payment,svc_latency,"[('payment', 0.8402006341288498), ('orders', 0.03695303852762658), ('shipping', 0.03441185761487443), ('rabbitmq', 0.029250043759951026), ('carts', 0.018704249192773425), ('carts-db', 0.01589855773884509), ('user', 0.008599680533523493), ('user-db', 0.007309662244515266), ('orders-db', 0.006282025424631795), ('catalogue', 0.0012920266394008844), ('catalogue-db', 0.0010982241950076577), ('front-end', 0.0), ('queue-master', 0.0), ('unknown', 0.0)]"
Fri Aug 21 16:51:53 2020,payment,svc_latency,"[('payment', 0.8398564019092495), ('orders', 0.039164284236845995), ('shipping', 0.029761374817856102), ('rabbitmq', 0.02529711768371204), ('carts', 0.018054888636777875), ('carts-db', 0.015346588882788928), ('user', 0.01066578931621585), ('user-db', 0.009065844647086792), ('orders-db', 0.0066579387228282915), ('catalogue', 0.003313387430397337), ('catalogue-db', 0.002816383716240685), ('front-end', 0.0), ('queue-master', 0.0), ('unknown', 0.0)]"
Fri Aug 21 16:52:05 2020,payment,svc_latency,"[('payment', 0.8397722653855738), ('orders', 0.03987817818559337), ('shipping', 0.027015039320222308), ('rabbitmq', 0.0229627251807793), ('carts', 0.017713338826578977), ('carts-db', 0.01505626701995387), ('user', 0.011980993526124), ('user-db', 0.010183765662548909), ('orders-db', 0.00677930121637015), ('catalogue', 0.004680064467904863), ('catalogue-db', 0.003978061208350316), ('front-end', 0.0), ('queue-master', 0.0), ('unknown', 0.0)]"
Fri Aug 21 16:52:13 2020,payment,svc_latency,"[('payment', 0.840721050596389), ('orders', 0.036487896238115124), ('shipping', 0.024432482604807525), ('rabbitmq', 0.020767564879602327), ('carts', 0.017769851079653388), ('carts-db', 0.015104320296293012), ('user', 0.013711234547566236), ('user-db', 0.01165449150052444), ('catalogue', 0.007107107600615967), ('orders-db', 0.006202950889500899), ('catalogue-db', 0.006041049766931798), ('front-end', 0.0), ('unknown', 0.0), ('queue-master', 0.0)]"
Fri Aug 21 16:52:24 2020,payment,svc_latency,"[('payment', 0.8400028724972093), ('orders', 0.03936548154533082), ('shipping', 0.02342899657451014), ('rabbitmq', 0.01991458660176906), ('carts', 0.01750271706080249), ('carts-db', 0.014877241091129974), ('user', 0.013855445879902055), ('user-db', 0.01177705571062339), ('catalogue', 0.006801865704987187), ('orders-db', 0.006692142389769175), ('catalogue-db', 0.00578159494396697), ('queue-master', 0.0), ('front-end', 0.0), ('unknown', 0.0)]"
Fri Aug 21 16:52:35 2020,payment,svc_latency,"[('payment', 0.8395606839012976), ('orders', 0.04110619767236378), ('shipping', 0.022620124387049984), ('rabbitmq', 0.019227034513411057), ('carts', 0.01732151814775214), ('carts-db', 0.014723211559978334), ('user', 0.01404771497075117), ('user-db', 0.011940474132871116), ('orders-db', 0.006988065473975219), ('catalogue', 0.006737819196006135), ('catalogue-db', 0.005727156044543782), ('front-end', 0.0), ('queue-master', 0.0), ('unknown', 0.0)]"
Fri Aug 21 16:55:16 2020,carts,svc_latency,"[('payment', 0.8396320763937197), ('shipping', 0.041651619311492125), ('orders', 0.03735598498290835), ('rabbitmq', 0.03540384882544501), ('carts', 0.018275513248071404), ('carts-db', 0.0155341299017977), ('orders-db', 0.0063505266421413735), ('user', 0.005447929287508762), ('user-db', 0.004630667747991548), ('unknown', 0.0), ('front-end', 0.0), ('queue-master', 0.0), ('catalogue-db', -0.00196754310203091), ('catalogue', -0.0023147532390450014)]"
Fri Aug 21 16:55:22 2020,carts,svc_latency,"[('payment', 0.8334914149360082), ('shipping', 0.0894833637687652), ('rabbitmq', 0.07606090062554616), ('orders', 0.033436360554733674), ('carts', 0.020359264050421686), ('carts-db', 0.01730534080291306), ('orders-db', 0.00568418855603104), ('front-end', 0.0), ('unknown', 0.0), ('queue-master', 0.0), ('user-db', -0.013448135255182483), ('user', -0.015821249796143855), ('catalogue-db', -0.02138851801682197), ('catalogue', -0.025162930226270672)]"
Fri Aug 21 16:55:33 2020,carts,svc_latency,"[('payment', 0.5029570912212892), ('shipping', 0.36952678344742), ('rabbitmq', 0.31409783927945534), ('orders', 0.19619988990529735), ('carts', 0.051495308465171356), ('carts-db', 0.043771285572089334), ('orders-db', 0.033353956603712924), ('queue-master', 0.0), ('front-end', 0.0), ('unknown', 0.0), ('user-db', -0.09655712868075511), ('user', -0.11359706575665132), ('catalogue-db', -0.1384111695305032), ('catalogue', -0.16283679052652586)]"
Fri Aug 21 16:55:45 2020,carts,svc_latency,"[('carts', 0.45857755996448335), ('carts-db', 0.38979126776762457), ('payment', 0.20024283074232102), ('orders', 0.1518340243119886), ('shipping', 0.11928760105237228), ('rabbitmq', 0.1013944485852131), ('orders-db', 0.025811815825994025), ('queue-master', 0.0), ('front-end', 0.0), ('unknown', 0.0), ('user-db', -0.08811484846746734), ('user', -0.10366423937620754), ('catalogue-db', -0.11723596502334088), ('catalogue', -0.13792449538298135)]"
Fri Aug 21 16:55:53 2020,carts,svc_latency,"[('carts', 0.49394557758139934), ('carts-db', 0.4198502173289139), ('orders', 0.08610948637697696), ('payment', 0.06252978961208427), ('shipping', 0.04270995896039831), ('rabbitmq', 0.036303416537755026), ('orders-db', 0.014638480055538012), ('front-end', 0.0), ('unknown', 0.0), ('queue-master', 0.0), ('user-db', -0.028494906050760035), ('user', -0.03352405242626573), ('catalogue-db', -0.0432202060502686), ('catalogue', -0.0508477619257713)]"
Fri Aug 21 16:56:10 2020,carts,svc_latency,"[('carts', 0.4930721195352224), ('carts-db', 0.41911548838891755), ('orders', 0.07214040724555501), ('payment', 0.038356574833941476), ('shipping', 0.02817744343335267), ('rabbitmq', 0.023950818595345404), ('orders-db', 0.01226399942756794), ('front-end', 0.0), ('unknown', 0.0), ('queue-master', 0.0), ('user-db', -0.014138294229090855), ('user', -0.016632801821553207), ('catalogue-db', -0.02587036040008581), ('catalogue', -0.03043539500917236)]"
Fri Aug 21 16:56:12 2020,carts,svc_latency,"[('carts', 0.49362266343224886), ('carts-db', 0.4195831377980482), ('orders', 0.06769471264305815), ('payment', 0.03444462510094391), ('shipping', 0.020576787256383774), ('rabbitmq', 0.017490215237708204), ('orders-db', 0.011508213566335027), ('front-end', 0.0), ('queue-master', 0.0), ('unknown', 0.0), ('user-db', -0.009489865853187908), ('user', -0.011164174553317304), ('catalogue-db', -0.02033868438416931), ('catalogue', -0.023927630244051274)]"
Fri Aug 21 16:56:22 2020,carts,svc_latency,"[('carts', 0.4925395854880165), ('carts-db', 0.41865411967474786), ('orders', 0.06129105032150785), ('payment', 0.026069747453220868), ('shipping', 0.01837987368631691), ('rabbitmq', 0.01562294830451869), ('orders-db', 0.010419360055592318), ('queue-master', 0.0), ('unknown', 0.0), ('front-end', 0.0), ('user-db', -0.005080681745264097), ('user', -0.005977615150783884), ('catalogue-db', -0.014665115183126652), ('catalogue', -0.01725327290474611)]"
Fri Aug 21 16:56:36 2020,carts,svc_latency,"[('carts', 0.49184683616994473), ('carts-db', 0.4180653455070253), ('orders', 0.05816194122173182), ('payment', 0.021824756392150854), ('shipping', 0.016703796954914103), ('rabbitmq', 0.014198284853982477), ('orders-db', 0.00988741928405496), ('front-end', 0.0), ('unknown', 0.0), ('queue-master', 0.0), ('user-db', -0.0025616659773172873), ('user', -0.003014013064555362), ('catalogue-db', -0.011538198341003907), ('catalogue', -0.013574503000927308)]"
Fri Aug 21 16:56:43 2020,carts,svc_latency,"[('carts', 0.4908739024572104), ('carts-db', 0.41723876919414205), ('orders', 0.06139124191968059), ('payment', 0.02118124325975481), ('shipping', 0.014602866249782263), ('rabbitmq', 0.012412518089991626), ('orders-db', 0.010436404663561459), ('front-end', 0.0), ('unknown', 0.0), ('queue-master', 0.0), ('user-db', -0.0017474824485792005), ('user', -0.0020561278515361), ('catalogue-db', -0.011180119542926956), ('catalogue', -0.01315321599108163)]"
