Tue Feb 16 12:02:58 2021,paymentservice,svc_latency,"[('shippingservice', 0.16425170374716438), ('currencyservice', 0.1640735322550015), ('checkoutservice', 0.11269541047956844), ('cartservice', 0.09560868392254482), ('paymentservice', 0.08848401554411583), ('emailservice', 0.08819827748753326), ('redis-cart', 0.08126802123775373), ('adservice', 0.07630838266996039), ('productcatalogservice', 0.05626190886322675), ('recommendationservice', 0.043167615896856644), ('frontend', 0.029682447896274368), ('unknown', 0.0)]"
Tue Feb 16 12:03:06 2021,paymentservice,svc_latency,"[('shippingservice', 0.16352302563964025), ('currencyservice', 0.16338483266514003), ('checkoutservice', 0.11427039081836474), ('cartservice', 0.09560423199111429), ('paymentservice', 0.08877674773129393), ('emailservice', 0.08795159967560387), ('redis-cart', 0.08126426650542944), ('adservice', 0.07588232338121823), ('productcatalogservice', 0.056501156489475686), ('recommendationservice', 0.04319121155979698), ('frontend', 0.029650213542922486), ('unknown', 0.0)]"
Tue Feb 16 12:03:14 2021,paymentservice,svc_latency,"[('shippingservice', 0.16250966595339772), ('currencyservice', 0.16242086295369768), ('checkoutservice', 0.11714563506356472), ('cartservice', 0.09532870893538048), ('paymentservice', 0.08964289609652443), ('emailservice', 0.08767525541156271), ('redis-cart', 0.08103012818867884), ('adservice', 0.07520780093399883), ('productcatalogservice', 0.05665696914528891), ('recommendationservice', 0.042922578875629176), ('frontend', 0.0294594984422766), ('unknown', 0.0)]"
Tue Feb 16 12:03:22 2021,paymentservice,svc_latency,"[('shippingservice', 0.1607264696426889), ('currencyservice', 0.1607248471861813), ('checkoutservice', 0.12220205587659833), ('cartservice', 0.09484208327606272), ('paymentservice', 0.09117990473426779), ('emailservice', 0.08718911873081164), ('redis-cart', 0.08061660281013965), ('adservice', 0.0740210787350402), ('productcatalogservice', 0.05692973835916092), ('recommendationservice', 0.042449486638881276), ('frontend', 0.029118614010167403), ('unknown', 0.0)]"
Tue Feb 16 12:03:30 2021,paymentservice,svc_latency,"[('paymentservice', 0.46921337265058566), ('checkoutservice', 0.10297223207908163), ('currencyservice', 0.08631927451286746), ('shippingservice', 0.08625504781622388), ('cartservice', 0.05316283612888594), ('emailservice', 0.04951119173469047), ('redis-cart', 0.04518820300620498), ('adservice', 0.037092112409808316), ('productcatalogservice', 0.03438893082268074), ('recommendationservice', 0.021195114289563804), ('frontend', 0.014701684549406978), ('unknown', 0.0)]"
Tue Feb 16 12:03:38 2021,paymentservice,svc_latency,"[('paymentservice', 0.6202872493770952), ('checkoutservice', 0.08055783908529476), ('currencyservice', 0.060104123759456486), ('shippingservice', 0.0600444359220662), ('cartservice', 0.0375445855199197), ('emailservice', 0.035111631498845206), ('redis-cart', 0.03191267708307438), ('adservice', 0.02519571502055387), ('productcatalogservice', 0.024849415922351542), ('recommendationservice', 0.014377601280388076), ('frontend', 0.010014725530954829), ('unknown', 0.0)]"
Tue Feb 16 12:03:46 2021,paymentservice,svc_latency,"[('paymentservice', 0.6877164362261525), ('checkoutservice', 0.11043245934094734), ('currencyservice', 0.038853925333472886), ('shippingservice', 0.038827348202924966), ('cartservice', 0.027968966973575655), ('emailservice', 0.026945451713534678), ('redis-cart', 0.023773186368208205), ('productcatalogservice', 0.021964634263139507), ('adservice', 0.011995477744189036), ('recommendationservice', 0.0067541365128364625), ('frontend', 0.00476797732101943), ('unknown', 0.0)]"
Tue Feb 16 12:03:54 2021,paymentservice,svc_latency,"[('paymentservice', 0.7460795089229373), ('checkoutservice', 0.0930262732800762), ('currencyservice', 0.030832028043316796), ('shippingservice', 0.030812478189840925), ('cartservice', 0.022517518576598002), ('emailservice', 0.021775573170531113), ('redis-cart', 0.019139598776391216), ('productcatalogservice', 0.01796265632478626), ('adservice', 0.009119848852895183), ('recommendationservice', 0.005110415106714965), ('frontend', 0.0036241007559125547), ('unknown', 0.0)]"
Tue Feb 16 12:04:02 2021,paymentservice,svc_latency,"[('paymentservice', 0.7170662187021276), ('checkoutservice', 0.10926048094661234), ('currencyservice', 0.03298528243943874), ('shippingservice', 0.03295557185114509), ('cartservice', 0.024786286268498988), ('emailservice', 0.023998203248825706), ('redis-cart', 0.021067918186423593), ('productcatalogservice', 0.020205585636328034), ('adservice', 0.009023143146735626), ('recommendationservice', 0.005046123625950639), ('frontend', 0.003605185947913749), ('unknown', 0.0)]"
Tue Feb 16 12:04:10 2021,paymentservice,svc_latency,"[('paymentservice', 0.5967460036107742), ('checkoutservice', 0.1757959244036675), ('currencyservice', 0.042106500909564484), ('shippingservice', 0.042069887992389796), ('cartservice', 0.034092972858872216), ('emailservice', 0.03327089585594419), ('productcatalogservice', 0.02955785003002334), ('redis-cart', 0.028979300334131996), ('adservice', 0.00885315782053831), ('recommendationservice', 0.004965852793658308), ('frontend', 0.0035616533904355846), ('unknown', 0.0)]"
Tue Feb 16 12:04:18 2021,paymentservice,svc_latency,"[('paymentservice', 0.6635849405391828), ('checkoutservice', 0.14741516418946068), ('currencyservice', 0.03493163225699783), ('shippingservice', 0.03489919489072257), ('cartservice', 0.02840557569869975), ('emailservice', 0.02771439574083204), ('productcatalogservice', 0.024694643340998426), ('redis-cart', 0.02414395253654757), ('adservice', 0.007225928147353598), ('recommendationservice', 0.004066222688091475), ('frontend', 0.002918349971114372), ('unknown', 0.0)]"
Tue Feb 16 12:04:26 2021,paymentservice,svc_latency,"[('paymentservice', 0.6026616554492598), ('checkoutservice', 0.17521264269363512), ('currencyservice', 0.040970261671474106), ('shippingservice', 0.04092820452005533), ('cartservice', 0.033495696270071006), ('emailservice', 0.032670438262946404), ('productcatalogservice', 0.02922087916040611), ('redis-cart', 0.0284716105348341), ('adservice', 0.008305493055437957), ('recommendationservice', 0.004694154623855395), ('frontend', 0.0033689637580238798), ('unknown', 0.0)]"
Tue Feb 16 12:04:34 2021,paymentservice,svc_latency,"[('paymentservice', 0.6039453039857097), ('checkoutservice', 0.17496110071264462), ('currencyservice', 0.04075443640761371), ('shippingservice', 0.040710868307084744), ('cartservice', 0.03337169524860168), ('emailservice', 0.03254596185401592), ('productcatalogservice', 0.029143466955104766), ('redis-cart', 0.028366208005218226), ('adservice', 0.008215352635626888), ('recommendationservice', 0.004649731449409099), ('frontend', 0.0033358744389705456), ('unknown', 0.0)]"
Tue Feb 16 12:04:42 2021,paymentservice,svc_latency,"[('paymentservice', 0.6753867472673509), ('checkoutservice', 0.131382519068828), ('currencyservice', 0.036309132717940715), ('shippingservice', 0.03626071706507136), ('cartservice', 0.028126670798452796), ('emailservice', 0.02721210397332205), ('redis-cart', 0.023907043699176376), ('productcatalogservice', 0.02344682918225035), ('adservice', 0.00911062083408537), ('recommendationservice', 0.005158904677195884), ('frontend', 0.0036987107163262583), ('unknown', 0.0)]"
Tue Feb 16 12:04:50 2021,paymentservice,svc_latency,"[('paymentservice', 0.6776868818810089), ('checkoutservice', 0.13083082626894402), ('currencyservice', 0.03596637878566577), ('shippingservice', 0.03592191177385796), ('cartservice', 0.027890360849999414), ('emailservice', 0.02700726420882664), ('redis-cart', 0.023706184686357875), ('productcatalogservice', 0.023292744856284013), ('adservice', 0.008980574813180682), ('recommendationservice', 0.005078151187111906), ('frontend', 0.00363872068876262), ('unknown', 0.0)]"
Tue Feb 16 12:08:14 2021,currencyservice,svc_latency,"[('checkoutservice', 0.38444537634835546), ('currencyservice', 0.1010523173474414), ('shippingservice', 0.10100025474103363), ('cartservice', 0.07879236655377461), ('paymentservice', 0.07713596188397673), ('emailservice', 0.07713596188397673), ('redis-cart', 0.06697277162898573), ('productcatalogservice', 0.06670909529820473), ('adservice', 0.02393634371767816), ('recommendationservice', 0.01300427687812855), ('frontend', 0.009815273718444161), ('unknown', 0.0)]"
Tue Feb 16 12:08:22 2021,currencyservice,svc_latency,"[('checkoutservice', 0.4007825676718822), ('currencyservice', 0.0971913402044148), ('shippingservice', 0.09714853086417129), ('cartservice', 0.077793084382642), ('emailservice', 0.07643777696296894), ('paymentservice', 0.07643777696296894), ('productcatalogservice', 0.06739760942583162), ('redis-cart', 0.06612370142330287), ('adservice', 0.02077659466907111), ('recommendationservice', 0.011257667920825882), ('frontend', 0.008653349511920082), ('unknown', 0.0)]"
Tue Feb 16 12:08:30 2021,currencyservice,svc_latency,"[('currencyservice', 0.48068881949850206), ('checkoutservice', 0.21898622126615366), ('frontend', 0.053777380999326455), ('productcatalogservice', 0.04432409175887159), ('shippingservice', 0.04298549482362113), ('cartservice', 0.04029022602582511), ('redis-cart', 0.03424631255731892), ('emailservice', 0.03373922125510791), ('paymentservice', 0.03373922125510791), ('adservice', 0.009257145293169752), ('recommendationservice', 0.007965865266995113), ('unknown', 0.0)]"
Tue Feb 16 12:08:38 2021,currencyservice,svc_latency,"[('currencyservice', 0.5056624832087598), ('checkoutservice', 0.2056680632178653), ('frontend', 0.05539334543131354), ('productcatalogservice', 0.04260158462908948), ('shippingservice', 0.04038994307317459), ('cartservice', 0.03813904757453002), ('redis-cart', 0.032417942075433456), ('emailservice', 0.031399953582935174), ('paymentservice', 0.031399953582935174), ('adservice', 0.008999439102619234), ('recommendationservice', 0.007928244521344252), ('unknown', 0.0)]"
Tue Feb 16 12:08:46 2021,currencyservice,svc_latency,"[('currencyservice', 0.596344439383144), ('checkoutservice', 0.14401144248172776), ('frontend', 0.07203641462880729), ('productcatalogservice', 0.03714418343142764), ('shippingservice', 0.03160702349812659), ('cartservice', 0.030383142608605532), ('redis-cart', 0.025826195087096597), ('emailservice', 0.021630705387092407), ('paymentservice', 0.021630705387092407), ('adservice', 0.009979856525830874), ('recommendationservice', 0.00940589158104849), ('unknown', 0.0)]"
Tue Feb 16 12:08:54 2021,currencyservice,svc_latency,"[('currencyservice', 0.5797475191111204), ('checkoutservice', 0.1395005913008161), ('frontend', 0.08646792836403772), ('productcatalogservice', 0.03967277256044742), ('shippingservice', 0.03238150460441481), ('cartservice', 0.031325555158565374), ('redis-cart', 0.026627353267301843), ('emailservice', 0.02082223750951992), ('paymentservice', 0.02082223750951992), ('adservice', 0.011561591123133949), ('recommendationservice', 0.01107070949112292), ('unknown', 0.0)]"
Tue Feb 16 12:09:02 2021,currencyservice,svc_latency,"[('currencyservice', 0.5662441444175679), ('checkoutservice', 0.16263976674543615), ('frontend', 0.06986091740436177), ('productcatalogservice', 0.03929737908964809), ('shippingservice', 0.0339749007024405), ('cartservice', 0.03275318350142266), ('redis-cart', 0.02784106474974706), ('emailservice', 0.024266225219647688), ('paymentservice', 0.024266225219647688), ('adservice', 0.009711078716649356), ('recommendationservice', 0.009145114233430764), ('unknown', 0.0)]"
Tue Feb 16 12:09:10 2021,currencyservice,svc_latency,"[('currencyservice', 0.6298135658342182), ('checkoutservice', 0.1375006651121486), ('frontend', 0.05979635852526425), ('productcatalogservice', 0.03351277905991554), ('shippingservice', 0.029359367826143568), ('cartservice', 0.028053595771740936), ('redis-cart', 0.023845870025009777), ('emailservice', 0.020788838129856272), ('paymentservice', 0.020788838129856272), ('adservice', 0.008572639049042133), ('recommendationservice', 0.007967482536804342), ('unknown', 0.0)]"
Tue Feb 16 12:09:18 2021,currencyservice,svc_latency,"[('currencyservice', 0.6065018866140872), ('checkoutservice', 0.134028087046436), ('frontend', 0.07651258591944411), ('productcatalogservice', 0.03673667481835829), ('shippingservice', 0.030731567720266185), ('cartservice', 0.029508351971110056), ('redis-cart', 0.025082510455902363), ('emailservice', 0.02021405747060111), ('paymentservice', 0.02021405747060111), ('adservice', 0.010519321623885077), ('recommendationservice', 0.009950898889307879), ('unknown', 0.0)]"
Tue Feb 16 12:09:26 2021,currencyservice,svc_latency,"[('currencyservice', 0.564566498088606), ('checkoutservice', 0.16142691822881716), ('frontend', 0.0709793871885401), ('productcatalogservice', 0.039481408702969935), ('shippingservice', 0.0344187781641628), ('cartservice', 0.0329563684001993), ('redis-cart', 0.02801377108393767), ('paymentservice', 0.02433365762953476), ('emailservice', 0.02433365762953476), ('adservice', 0.010085585736939722), ('recommendationservice', 0.009403969146757504), ('unknown', 0.0)]"
Tue Feb 16 12:09:34 2021,currencyservice,svc_latency,"[('currencyservice', 0.565707448984411), ('checkoutservice', 0.1604778115407139), ('frontend', 0.07142435296460017), ('productcatalogservice', 0.03943282721354609), ('shippingservice', 0.034287259042123194), ('cartservice', 0.032848776878341826), ('redis-cart', 0.027922304923783513), ('emailservice', 0.02417255073503865), ('paymentservice', 0.02417255073503865), ('adservice', 0.010112688962899182), ('recommendationservice', 0.009441428019504131), ('unknown', 0.0)]"
Tue Feb 16 12:09:42 2021,currencyservice,svc_latency,"[('currencyservice', 0.5673188944334756), ('checkoutservice', 0.15950549045415177), ('frontend', 0.07156245495525104), ('productcatalogservice', 0.03932055122968109), ('shippingservice', 0.03414609004041647), ('cartservice', 0.032717149759326575), ('redis-cart', 0.027810402485359195), ('paymentservice', 0.024024253251453544), ('emailservice', 0.024024253251453544), ('adservice', 0.010118797422311875), ('recommendationservice', 0.009451662717119525), ('unknown', 0.0)]"
Tue Feb 16 12:09:50 2021,currencyservice,svc_latency,"[('currencyservice', 0.6231429745247162), ('checkoutservice', 0.12021412570996809), ('frontend', 0.07979859467782484), ('productcatalogservice', 0.03566634140164056), ('shippingservice', 0.029861382953190255), ('cartservice', 0.02829081563517218), ('redis-cart', 0.024047446798086267), ('emailservice', 0.018597611439646895), ('paymentservice', 0.018597611439646895), ('adservice', 0.011258486160400233), ('recommendationservice', 0.010524609259707626), ('unknown', 0.0)]"
Tue Feb 16 12:18:24 2021,productcatalogservice,svc_latency,"[('recommendationservice', 0.3594006523557102), ('productcatalogservice', 0.3252301980921675), ('frontend', 0.07842055940500971), ('checkoutservice', 0.0720967089632744), ('currencyservice', 0.03280970902363355), ('shippingservice', 0.03279751143068227), ('cartservice', 0.02684863509772525), ('redis-cart', 0.02282118059969695), ('emailservice', 0.016744342931945724), ('paymentservice', 0.016744342931945724), ('adservice', 0.016086159168209088), ('unknown', 0.0)]"
Tue Feb 16 12:18:32 2021,productcatalogservice,svc_latency,"[('recommendationservice', 0.35791223070631145), ('productcatalogservice', 0.32627446489924955), ('checkoutservice', 0.0895348931711634), ('frontend', 0.07714860582101996), ('currencyservice', 0.028576865711157893), ('shippingservice', 0.02857312767086654), ('cartservice', 0.025643172865300795), ('redis-cart', 0.02179688889199768), ('emailservice', 0.015944595388763253), ('paymentservice', 0.015944595388763253), ('adservice', 0.012650559485406294), ('unknown', 0.0)]"
Tue Feb 16 12:18:40 2021,productcatalogservice,svc_latency,"[('recommendationservice', 0.3151858518190188), ('productcatalogservice', 0.2967110354632275), ('frontend', 0.11262806010102344), ('checkoutservice', 0.10679449259989018), ('currencyservice', 0.03187985733570878), ('shippingservice', 0.031878948351221986), ('cartservice', 0.030466441751179643), ('redis-cart', 0.025896726114354496), ('emailservice', 0.01666596650493453), ('paymentservice', 0.01666596650493453), ('adservice', 0.015226653454505796), ('unknown', 0.0)]"
Tue Feb 16 12:18:48 2021,productcatalogservice,svc_latency,"[('recommendationservice', 0.3084605366072717), ('productcatalogservice', 0.29222419310269043), ('checkoutservice', 0.11945245796469352), ('frontend', 0.1079486665339522), ('currencyservice', 0.03211377595457345), ('shippingservice', 0.03211337038578581), ('cartservice', 0.03113490220147134), ('redis-cart', 0.026464414282779243), ('emailservice', 0.01796387210026993), ('paymentservice', 0.01796387210026993), ('adservice', 0.014159938766242447), ('unknown', 0.0)]"
Tue Feb 16 12:18:56 2021,productcatalogservice,svc_latency,"[('recommendationservice', 0.3003252018308482), ('productcatalogservice', 0.2865279860393616), ('checkoutservice', 0.1237292875568048), ('frontend', 0.1130364122288408), ('currencyservice', 0.0328766302509808), ('shippingservice', 0.03287640492702832), ('cartservice', 0.03211003031581743), ('redis-cart', 0.02729384158262444), ('emailservice', 0.01833943968995225), ('paymentservice', 0.01833943968995225), ('adservice', 0.014545325887789198), ('unknown', 0.0)]"
Tue Feb 16 12:19:04 2021,productcatalogservice,svc_latency,"[('recommendationservice', 0.27272152978866004), ('productcatalogservice', 0.2665720859118391), ('checkoutservice', 0.136901172952156), ('frontend', 0.12651014862232113), ('currencyservice', 0.03684146442134015), ('shippingservice', 0.03684134507610248), ('cartservice', 0.03585042943485262), ('redis-cart', 0.030472481513524774), ('paymentservice', 0.020436858670791733), ('emailservice', 0.020436858670791733), ('adservice', 0.016415624937620485), ('unknown', 0.0)]"
Tue Feb 16 12:19:12 2021,productcatalogservice,svc_latency,"[('recommendationservice', 0.30101341333381654), ('productcatalogservice', 0.2869530530008234), ('checkoutservice', 0.12189148166528514), ('frontend', 0.11386222009861582), ('currencyservice', 0.03292765625767839), ('shippingservice', 0.03292759224824739), ('cartservice', 0.03205581902576321), ('redis-cart', 0.02724773906411697), ('paymentservice', 0.018184718731825672), ('emailservice', 0.018184718731825672), ('adservice', 0.014751587842001696), ('unknown', 0.0)]"
Tue Feb 16 12:19:20 2021,productcatalogservice,svc_latency,"[('recommendationservice', 0.2722572839721111), ('productcatalogservice', 0.2662612014662252), ('checkoutservice', 0.13566095123707977), ('frontend', 0.12864759734842524), ('currencyservice', 0.03684712018082464), ('shippingservice', 0.03684710224426312), ('cartservice', 0.03589302371170505), ('redis-cart', 0.0305087033630108), ('paymentservice', 0.02022211210030203), ('emailservice', 0.02022211210030203), ('adservice', 0.016632792275750843), ('unknown', 0.0)]"
Tue Feb 16 12:19:28 2021,productcatalogservice,svc_latency,"[('recommendationservice', 0.271771712047039), ('productcatalogservice', 0.26571017666759783), ('checkoutservice', 0.1338459942778623), ('frontend', 0.1296297806899921), ('currencyservice', 0.03733349240315898), ('shippingservice', 0.03733348597746499), ('cartservice', 0.03608453247770538), ('redis-cart', 0.030671554067897185), ('paymentservice', 0.020277111769200384), ('emailservice', 0.020277111769200384), ('adservice', 0.01706504785288095), ('unknown', 0.0)]"
Tue Feb 16 12:19:36 2021,productcatalogservice,svc_latency,"[('recommendationservice', 0.27190463190402653), ('productcatalogservice', 0.26580902893191494), ('checkoutservice', 0.13329883627142658), ('frontend', 0.13015191082055677), ('currencyservice', 0.03730559394017696), ('shippingservice', 0.03730559394017696), ('cartservice', 0.036063989746661376), ('redis-cart', 0.030654095538414212), ('emailservice', 0.020192707353626084), ('paymentservice', 0.020192707353626084), ('adservice', 0.01712090419939378), ('unknown', 0.0)]"
Tue Feb 16 12:19:44 2021,productcatalogservice,svc_latency,"[('recommendationservice', 0.2698309372871635), ('productcatalogservice', 0.26433514382837553), ('checkoutservice', 0.13512878047100957), ('frontend', 0.13039558643085694), ('currencyservice', 0.037549289644082086), ('shippingservice', 0.037549289644082086), ('cartservice', 0.03633825123694481), ('redis-cart', 0.030887224248601457), ('paymentservice', 0.020429382881623406), ('emailservice', 0.020429382881623406), ('adservice', 0.017126731445636912), ('unknown', 0.0)]"
Tue Feb 16 12:19:52 2021,productcatalogservice,svc_latency,"[('recommendationservice', 0.26901555756511875), ('productcatalogservice', 0.263751714441002), ('checkoutservice', 0.13585375911684278), ('frontend', 0.13048982963017325), ('shippingservice', 0.037644831137624145), ('currencyservice', 0.03764483113762414), ('cartservice', 0.036445983972331425), ('redis-cart', 0.030979503333621504), ('emailservice', 0.020522805782454422), ('paymentservice', 0.020522805782454422), ('adservice', 0.017128378100753225), ('unknown', 0.0)]"
Tue Feb 16 12:23:40 2021,checkoutservice,svc_latency,"[('checkoutservice', 0.33923063936068476), ('currencyservice', 0.11156004443491613), ('shippingservice', 0.1115537077714778), ('cartservice', 0.08173063986754683), ('emailservice', 0.0790269085437374), ('paymentservice', 0.0790269085437374), ('redis-cart', 0.06947136193313658), ('productcatalogservice', 0.0648712662782448), ('adservice', 0.032754042958191856), ('recommendationservice', 0.017948650500021333), ('frontend', 0.012825829808305544), ('unknown', 0.0)]"
Tue Feb 16 12:23:48 2021,checkoutservice,svc_latency,"[('checkoutservice', 0.3624946231761098), ('currencyservice', 0.1059315148921602), ('shippingservice', 0.10592258590879475), ('cartservice', 0.08053163664788472), ('emailservice', 0.07796592507574271), ('paymentservice', 0.07796592507574271), ('redis-cart', 0.06845231877650099), ('productcatalogservice', 0.06593269082071612), ('adservice', 0.028163921223715055), ('recommendationservice', 0.015571368066264408), ('frontend', 0.011067490336368464), ('unknown', 0.0)]"
Tue Feb 16 12:23:56 2021,checkoutservice,svc_latency,"[('checkoutservice', 0.40704698519052024), ('currencyservice', 0.09545368184781938), ('shippingservice', 0.09544673115988539), ('cartservice', 0.0779105879885195), ('paymentservice', 0.07609111359057315), ('emailservice', 0.07609111359057315), ('productcatalogservice', 0.06777615845909166), ('redis-cart', 0.0662233250172016), ('adservice', 0.019501255758412914), ('recommendationservice', 0.010800895174311136), ('frontend', 0.007658152223091574), ('unknown', 0.0)]"
Tue Feb 16 12:24:04 2021,checkoutservice,svc_latency,"[('checkoutservice', 0.4143441873258854), ('currencyservice', 0.09371249443339076), ('shippingservice', 0.09370489095366122), ('cartservice', 0.07752050707523167), ('emailservice', 0.07577150307191383), ('paymentservice', 0.07577150307191383), ('productcatalogservice', 0.06808960436867292), ('redis-cart', 0.06589295324029354), ('adservice', 0.018071086751134932), ('recommendationservice', 0.010036374875231478), ('frontend', 0.0070848948326709595), ('unknown', 0.0)]"
Tue Feb 16 12:24:12 2021,checkoutservice,svc_latency,"[('checkoutservice', 0.41902008435649685), ('currencyservice', 0.09261660235900668), ('shippingservice', 0.09260827629694121), ('cartservice', 0.07727412055167303), ('emailservice', 0.07557831147083036), ('paymentservice', 0.07557831147083036), ('productcatalogservice', 0.06827539034605638), ('redis-cart', 0.06568371735833416), ('adservice', 0.01714291064838519), ('recommendationservice', 0.009532203720639922), ('frontend', 0.006690071420805345), ('unknown', 0.0)]"
Tue Feb 16 12:24:20 2021,checkoutservice,svc_latency,"[('checkoutservice', 0.42118747010099356), ('currencyservice', 0.09210912771616038), ('shippingservice', 0.09210061484117593), ('cartservice', 0.07715505234990405), ('paymentservice', 0.07548875569497698), ('emailservice', 0.07548875569497698), ('productcatalogservice', 0.06836186778751702), ('redis-cart', 0.06558261977400157), ('adservice', 0.01671517683182704), ('recommendationservice', 0.009298195397180293), ('frontend', 0.0065123638112855), ('unknown', 0.0)]"
Tue Feb 16 12:24:28 2021,checkoutservice,svc_latency,"[('checkoutservice', 0.4257474425614193), ('currencyservice', 0.0909067685921929), ('shippingservice', 0.09089977424218827), ('cartservice', 0.07696584318516692), ('emailservice', 0.07561679207807893), ('paymentservice', 0.07523452339670776), ('productcatalogservice', 0.0685322171111365), ('redis-cart', 0.06542040435778644), ('adservice', 0.015747397585064226), ('recommendationservice', 0.008790888708080449), ('frontend', 0.006137948182178403), ('unknown', 0.0)]"
Tue Feb 16 12:24:36 2021,checkoutservice,svc_latency,"[('checkoutservice', 0.42767028511304583), ('currencyservice', 0.09040805427788232), ('shippingservice', 0.09040167784470221), ('cartservice', 0.07687996163467017), ('emailservice', 0.07565397100121221), ('paymentservice', 0.07513122220794656), ('productcatalogservice', 0.06860422842520601), ('redis-cart', 0.0653473246440747), ('adservice', 0.015344633040346948), ('recommendationservice', 0.008577457209219017), ('frontend', 0.0059811846016935896), ('unknown', 0.0)]"
Tue Feb 16 12:24:44 2021,checkoutservice,svc_latency,"[('checkoutservice', 0.39939403535298107), ('currencyservice', 0.09688377061204992), ('shippingservice', 0.0968638746227072), ('cartservice', 0.07868625128592112), ('emailservice', 0.07716626263520213), ('paymentservice', 0.07623036853577998), ('productcatalogservice', 0.0674443141866373), ('redis-cart', 0.06688289503119527), ('adservice', 0.020720578462643163), ('recommendationservice', 0.011622319176877586), ('frontend', 0.008105330098005556), ('unknown', 0.0)]"
Tue Feb 16 12:24:52 2021,checkoutservice,svc_latency,"[('checkoutservice', 0.4016039750240027), ('currencyservice', 0.09630928287102664), ('shippingservice', 0.09628095341559345), ('cartservice', 0.07857786986106963), ('emailservice', 0.07718907391343839), ('paymentservice', 0.07610513607757752), ('productcatalogservice', 0.06754843259893661), ('redis-cart', 0.06679070195593162), ('adservice', 0.020249310271361464), ('recommendationservice', 0.011399177040260932), ('frontend', 0.007946086970800717), ('unknown', 0.0)]"
Tue Feb 16 12:28:01 2021,recommendationservice,svc_latency,"[('checkoutservice', 0.37311424061677806), ('shippingservice', 0.10360351687910009), ('currencyservice', 0.10333724642530331), ('cartservice', 0.07980094719351208), ('emailservice', 0.07747736817090271), ('paymentservice', 0.07747736817090271), ('redis-cart', 0.06783043262618353), ('productcatalogservice', 0.06658902049183862), ('adservice', 0.02591267844471453), ('recommendationservice', 0.0147034872762306), ('frontend', 0.01015369370453352), ('unknown', 0.0)]"
Tue Feb 16 12:28:09 2021,recommendationservice,svc_latency,"[('checkoutservice', 0.33556595528149846), ('shippingservice', 0.11223679967665738), ('currencyservice', 0.11181856711147864), ('cartservice', 0.08229740503046329), ('paymentservice', 0.07887834625888479), ('emailservice', 0.07887834625888479), ('redis-cart', 0.06995196803684167), ('productcatalogservice', 0.06526618404012424), ('adservice', 0.033036087822501545), ('recommendationservice', 0.018986425653134426), ('frontend', 0.01308391482953038), ('unknown', 0.0)]"
Tue Feb 16 12:28:17 2021,recommendationservice,svc_latency,"[('checkoutservice', 0.2548458482961466), ('shippingservice', 0.13058713324196847), ('currencyservice', 0.1298112676521483), ('cartservice', 0.08778212808332073), ('emailservice', 0.08175139751843391), ('paymentservice', 0.08175139751843391), ('redis-cart', 0.07461539851489678), ('productcatalogservice', 0.06257880468514976), ('adservice', 0.04826315400734834), ('recommendationservice', 0.028337282984563908), ('frontend', 0.01967618749758899), ('unknown', 0.0)]"
Tue Feb 16 12:28:25 2021,recommendationservice,svc_latency,"[('recommendationservice', 0.16399646172928428), ('productcatalogservice', 0.15594954844292774), ('shippingservice', 0.12075900889924192), ('currencyservice', 0.11988269581422208), ('checkoutservice', 0.09681550043215671), ('cartservice', 0.07231145202074125), ('emailservice', 0.06536871312631524), ('paymentservice', 0.06536871312631524), ('redis-cart', 0.06146481171987711), ('adservice', 0.054729301152202765), ('frontend', 0.023353793536715767), ('unknown', 0.0)]"
Tue Feb 16 12:28:33 2021,recommendationservice,svc_latency,"[('recommendationservice', 0.4811440617326232), ('productcatalogservice', 0.41154677966496517), ('shippingservice', 0.01916357292068998), ('currencyservice', 0.019122054902682165), ('checkoutservice', 0.012606015347758544), ('cartservice', 0.011192175992192603), ('emailservice', 0.010057271643071401), ('paymentservice', 0.010057271643071401), ('redis-cart', 0.009513307019430766), ('adservice', 0.009073689067731204), ('frontend', 0.006523800065783725), ('unknown', 0.0)]"
Tue Feb 16 12:28:41 2021,recommendationservice,svc_latency,"[('recommendationservice', 0.4819772023268733), ('productcatalogservice', 0.41429680200380675), ('frontend', 0.02645612722990172), ('shippingservice', 0.014404582634936627), ('currencyservice', 0.014389899431391899), ('checkoutservice', 0.009940267396454445), ('cartservice', 0.009648295673261236), ('redis-cart', 0.008201047306541875), ('adservice', 0.008100555081650246), ('paymentservice', 0.006292610457591354), ('emailservice', 0.006292610457591354), ('unknown', 0.0)]"
Tue Feb 16 12:28:49 2021,recommendationservice,svc_latency,"[('recommendationservice', 0.4714305368736484), ('productcatalogservice', 0.4077396411754945), ('frontend', 0.04611903595985551), ('shippingservice', 0.013603487490476723), ('currencyservice', 0.013598221515076763), ('cartservice', 0.010369619762532468), ('checkoutservice', 0.010017404218461187), ('adservice', 0.00889090253457264), ('redis-cart', 0.008814145477524422), ('paymentservice', 0.004708502496178537), ('emailservice', 0.004708502496178537), ('unknown', 0.0)]"
Tue Feb 16 12:28:57 2021,recommendationservice,svc_latency,"[('recommendationservice', 0.4342842567628827), ('productcatalogservice', 0.38091315268650583), ('frontend', 0.07994193016539543), ('shippingservice', 0.01879661844044512), ('currencyservice', 0.018792972419961883), ('cartservice', 0.015331017942430743), ('checkoutservice', 0.01454215869286215), ('adservice', 0.013220911639703393), ('redis-cart', 0.013031288095144398), ('emailservice', 0.005572846577334011), ('paymentservice', 0.005572846577334011), ('unknown', 0.0)]"
Tue Feb 16 12:29:05 2021,recommendationservice,svc_latency,"[('recommendationservice', 0.4508748624305107), ('productcatalogservice', 0.3927898404902921), ('frontend', 0.06383070034485261), ('shippingservice', 0.016693997867267194), ('currencyservice', 0.016690984504958078), ('cartservice', 0.013167719162681848), ('checkoutservice', 0.012698143763409747), ('adservice', 0.011322085206440416), ('redis-cart', 0.011192606234806352), ('paymentservice', 0.005369529997390294), ('emailservice', 0.005369529997390294), ('unknown', 0.0)]"
Tue Feb 16 12:29:13 2021,recommendationservice,svc_latency,"[('recommendationservice', 0.4307967533291207), ('productcatalogservice', 0.3785391001444381), ('frontend', 0.08441289915946934), ('shippingservice', 0.018970860274433888), ('currencyservice', 0.018970422228521498), ('cartservice', 0.015701656371462758), ('checkoutservice', 0.014878795015517267), ('adservice', 0.01355635088117763), ('redis-cart', 0.013346327697904722), ('emailservice', 0.005413417448977099), ('paymentservice', 0.005413417448977099), ('unknown', 0.0)]"
Tue Feb 16 12:29:21 2021,recommendationservice,svc_latency,"[('recommendationservice', 0.44872817913968116), ('productcatalogservice', 0.39134514688731914), ('frontend', 0.06672023383387975), ('currencyservice', 0.01676617070837008), ('shippingservice', 0.016765731569892466), ('cartservice', 0.013384376141977149), ('checkoutservice', 0.01290295087467314), ('adservice', 0.011519618078004624), ('redis-cart', 0.011376767729279558), ('emailservice', 0.005245412518461392), ('paymentservice', 0.005245412518461392), ('unknown', 0.0)]"
Tue Feb 16 12:29:29 2021,recommendationservice,svc_latency,"[('recommendationservice', 0.4237077034952233), ('productcatalogservice', 0.37286500084237373), ('frontend', 0.08547096746491198), ('currencyservice', 0.02115634772602041), ('shippingservice', 0.02115328104100036), ('cartservice', 0.01697318690764706), ('checkoutservice', 0.01645496282915568), ('adservice', 0.014600518034825507), ('redis-cart', 0.01442713412953244), ('paymentservice', 0.006638493328414492), ('emailservice', 0.0065524042008954335), ('unknown', 0.0)]"
Tue Feb 16 12:29:37 2021,recommendationservice,svc_latency,"[('recommendationservice', 0.4224311286039117), ('productcatalogservice', 0.37197702667497967), ('frontend', 0.08687460250139215), ('currencyservice', 0.021248738251881984), ('shippingservice', 0.021243180805826954), ('cartservice', 0.017122584540403434), ('checkoutservice', 0.016644135829975135), ('adservice', 0.014717457448814803), ('redis-cart', 0.014554122224231442), ('paymentservice', 0.006661253238434187), ('emailservice', 0.006525769880148135), ('unknown', 0.0)]"
Tue Feb 16 12:29:45 2021,recommendationservice,svc_latency,"[('recommendationservice', 0.4223291068226004), ('productcatalogservice', 0.37192030201429815), ('frontend', 0.08710244537368404), ('currencyservice', 0.021221212031636707), ('shippingservice', 0.021214378673947154), ('cartservice', 0.017129808099060832), ('checkoutservice', 0.016660401623686295), ('adservice', 0.014715808940632728), ('redis-cart', 0.014560261312373217), ('paymentservice', 0.0066474859534487035), ('emailservice', 0.006498789154631795), ('unknown', 0.0)]"
Tue Feb 16 12:29:53 2021,recommendationservice,svc_latency,"[('recommendationservice', 0.4211680506300645), ('productcatalogservice', 0.37110629127803524), ('frontend', 0.08830084898783937), ('currencyservice', 0.021317934856921242), ('shippingservice', 0.021309635448385177), ('cartservice', 0.017288131806104924), ('checkoutservice', 0.01685438080167418), ('adservice', 0.014822501500116783), ('redis-cart', 0.014694836952608533), ('paymentservice', 0.00664990122201866), ('emailservice', 0.0064874865162316666), ('unknown', 0.0)]"
Tue Feb 16 12:33:01 2021,frontend,svc_latency,"[('recommendationservice', 0.280567687549558), ('productcatalogservice', 0.24940694249933046), ('shippingservice', 0.08484773448359671), ('currencyservice', 0.0847579546915549), ('checkoutservice', 0.06399080217013871), ('cartservice', 0.04880048734966611), ('paymentservice', 0.0459535030064242), ('emailservice', 0.0459535030064242), ('redis-cart', 0.041480494428370686), ('adservice', 0.03894250703601963), ('frontend', 0.015298383778916692), ('unknown', 0.0)]"
Tue Feb 16 14:44:39 2021,checkoutservice,svc_latency,"[('currencyservice', 0.16522379328322828), ('shippingservice', 0.16509661361208788), ('checkoutservice', 0.11586672895908967), ('cartservice', 0.09361100170506748), ('emailservice', 0.08897290409113656), ('paymentservice', 0.08897290409113656), ('redis-cart', 0.07957005271772179), ('adservice', 0.07693400840606894), ('productcatalogservice', 0.05508769730879898), ('recommendationservice', 0.04130350048538395), ('frontend', 0.02936079534027999), ('unknown', 0.0)]"
Tue Feb 16 14:45:11 2021,checkoutservice,svc_latency,"[('checkoutservice', 0.33961727821534604), ('currencyservice', 0.11182646227043692), ('shippingservice', 0.1117896489045225), ('cartservice', 0.08111443071383902), ('paymentservice', 0.07917534028320858), ('emailservice', 0.07917534028320858), ('redis-cart', 0.0689475276422733), ('productcatalogservice', 0.06480890711371347), ('adservice', 0.032951624864327844), ('recommendationservice', 0.01781800006688275), ('frontend', 0.0127754396422413), ('unknown', 0.0)]"
Tue Feb 16 14:45:19 2021,checkoutservice,svc_latency,"[('checkoutservice', 0.399372058908156), ('currencyservice', 0.09758756614373548), ('shippingservice', 0.09756709280924071), ('cartservice', 0.0778552253907365), ('emailservice', 0.07657129050537118), ('paymentservice', 0.07657129050537118), ('productcatalogservice', 0.06733339679128234), ('redis-cart', 0.06617777620462587), ('adservice', 0.02123894740275966), ('recommendationservice', 0.011475961844392348), ('frontend', 0.008249393494328378), ('unknown', 0.0)]"
Tue Feb 16 14:45:27 2021,checkoutservice,svc_latency,"[('checkoutservice', 0.40951193480011183), ('currencyservice', 0.09514155169737112), ('shippingservice', 0.09512894438656241), ('cartservice', 0.07732417763511977), ('paymentservice', 0.07611732078118946), ('emailservice', 0.07611732078118946), ('productcatalogservice', 0.0677993551556149), ('redis-cart', 0.06572480242217747), ('adservice', 0.01920705187595589), ('recommendationservice', 0.010441954448237055), ('frontend', 0.00748558601647128), ('unknown', 0.0)]"
Tue Feb 16 14:45:35 2021,checkoutservice,svc_latency,"[('checkoutservice', 0.41352223762448287), ('currencyservice', 0.09417769865437878), ('shippingservice', 0.09416779677094955), ('cartservice', 0.07711162466317262), ('emailservice', 0.07593896047183857), ('paymentservice', 0.07593896047183857), ('productcatalogservice', 0.06797971993118804), ('redis-cart', 0.06554534616409989), ('adservice', 0.018406923846805635), ('recommendationservice', 0.01003040355216432), ('frontend', 0.007180327849081323), ('unknown', 0.0)]"
Tue Feb 16 14:45:43 2021,checkoutservice,svc_latency,"[('checkoutservice', 0.4184473237804215), ('currencyservice', 0.0929935894913949), ('shippingservice', 0.09298550443100867), ('cartservice', 0.0768375788129271), ('paymentservice', 0.07571894755741065), ('emailservice', 0.07571894755741065), ('productcatalogservice', 0.06820961704631376), ('redis-cart', 0.06531259409785461), ('adservice', 0.01743070604615892), ('recommendationservice', 0.009532740061034906), ('frontend', 0.006812451118063964), ('unknown', 0.0)]"
Tue Feb 16 14:45:51 2021,checkoutservice,svc_latency,"[('checkoutservice', 0.4207237493453184), ('currencyservice', 0.09244710213593642), ('shippingservice', 0.09243969891721013), ('cartservice', 0.07671056941246107), ('emailservice', 0.07561746114692752), ('paymentservice', 0.07561746114692752), ('productcatalogservice', 0.06831402841568002), ('redis-cart', 0.06520474463004074), ('adservice', 0.016980552044034813), ('recommendationservice', 0.009300282195291427), ('frontend', 0.00664435061017188), ('unknown', 0.0)]"
Tue Feb 16 14:45:59 2021,checkoutservice,svc_latency,"[('checkoutservice', 0.4233057487828277), ('currencyservice', 0.09183853552871861), ('shippingservice', 0.09183239204272714), ('cartservice', 0.07653793505291691), ('paymentservice', 0.0755091389472387), ('emailservice', 0.0755091389472387), ('productcatalogservice', 0.06844257550643443), ('redis-cart', 0.06505679670115314), ('adservice', 0.016473314223409922), ('recommendationservice', 0.009048483237448258), ('frontend', 0.006445941029885764), ('unknown', 0.0)]"
Tue Feb 16 14:46:07 2021,checkoutservice,svc_latency,"[('checkoutservice', 0.4252129774188567), ('currencyservice', 0.09139316347688645), ('shippingservice', 0.09138797376718834), ('cartservice', 0.07641193580828906), ('emailservice', 0.07543155445571356), ('paymentservice', 0.07543155445571356), ('productcatalogservice', 0.06853228929622196), ('redis-cart', 0.0649496340318945), ('adservice', 0.016101101853085758), ('recommendationservice', 0.00885847299445284), ('frontend', 0.006289342441697189), ('unknown', 0.0)]"
Tue Feb 16 14:46:15 2021,checkoutservice,svc_latency,"[('checkoutservice', 0.4262781646304746), ('currencyservice', 0.09114392583539146), ('shippingservice', 0.09113911173501213), ('cartservice', 0.07634550778536177), ('emailservice', 0.07538780644875548), ('paymentservice', 0.07538780644875548), ('productcatalogservice', 0.0685790724228062), ('redis-cart', 0.06489313120968797), ('adservice', 0.015893863781754905), ('recommendationservice', 0.008748226291407986), ('frontend', 0.006203383410592094), ('unknown', 0.0)]"
Tue Feb 16 14:46:23 2021,checkoutservice,svc_latency,"[('checkoutservice', 0.39654091769614885), ('currencyservice', 0.09819940535682226), ('shippingservice', 0.09819364200426686), ('cartservice', 0.07796069985375764), ('emailservice', 0.07667092285669415), ('paymentservice', 0.07667092285669415), ('productcatalogservice', 0.06736262590326987), ('redis-cart', 0.06626729982505464), ('adservice', 0.021716506432042034), ('recommendationservice', 0.011951169225426238), ('frontend', 0.008465887989823308), ('unknown', 0.0)]"
Tue Feb 16 14:49:32 2021,productcatalogservice,svc_latency,"[('checkoutservice', 0.33961998506193725), ('currencyservice', 0.11041829938153508), ('shippingservice', 0.11038049850772425), ('cartservice', 0.08316499513083427), ('paymentservice', 0.07843708768231795), ('emailservice', 0.07843708768231795), ('redis-cart', 0.07069081665806795), ('productcatalogservice', 0.06523067835192689), ('adservice', 0.03205412206205302), ('recommendationservice', 0.01823450549482899), ('frontend', 0.013331923986456514), ('unknown', 0.0)]"
Tue Feb 16 14:49:40 2021,productcatalogservice,svc_latency,"[('checkoutservice', 0.32184123915833185), ('currencyservice', 0.11456775023842673), ('shippingservice', 0.11452009646318337), ('cartservice', 0.08410171398599196), ('emailservice', 0.0791679537318169), ('paymentservice', 0.0791679537318169), ('redis-cart', 0.07148613268045467), ('productcatalogservice', 0.06468348213205974), ('adservice', 0.03545021547700118), ('recommendationservice', 0.020364623290942227), ('frontend', 0.014648839109974651), ('unknown', 0.0)]"
Tue Feb 16 14:49:48 2021,productcatalogservice,svc_latency,"[('checkoutservice', 0.2487493207582477), ('currencyservice', 0.13157759342140732), ('shippingservice', 0.13148851765184166), ('cartservice', 0.08794866046930912), ('emailservice', 0.08213918834232142), ('paymentservice', 0.08213918834232142), ('redis-cart', 0.07475688274448183), ('productcatalogservice', 0.06247421140115496), ('adservice', 0.04939491939321161), ('recommendationservice', 0.029159418558286358), ('frontend', 0.020172098917416306), ('unknown', 0.0)]"
Tue Feb 16 14:49:56 2021,productcatalogservice,svc_latency,"[('recommendationservice', 0.3111506829192965), ('productcatalogservice', 0.2913550550620978), ('frontend', 0.13232517974070668), ('checkoutservice', 0.07627708018091013), ('currencyservice', 0.03735191341484138), ('shippingservice', 0.03734138003881764), ('cartservice', 0.032873744742109676), ('redis-cart', 0.027942419974915544), ('adservice', 0.021303432616642325), ('paymentservice', 0.016039555654831193), ('emailservice', 0.016039555654831193), ('unknown', 0.0)]"
Tue Feb 16 14:50:04 2021,productcatalogservice,svc_latency,"[('recommendationservice', 0.3241396024157384), ('productcatalogservice', 0.3028954290460589), ('frontend', 0.1042804238044727), ('checkoutservice', 0.1038861185255757), ('currencyservice', 0.031146566629476586), ('shippingservice', 0.03114270009626261), ('cartservice', 0.02960406684464202), ('redis-cart', 0.025163741365359142), ('emailservice', 0.016598651176151374), ('paymentservice', 0.016598651176151374), ('adservice', 0.01454404892011124), ('unknown', 0.0)]"
Tue Feb 16 14:50:12 2021,productcatalogservice,svc_latency,"[('recommendationservice', 0.3406306410095636), ('productcatalogservice', 0.3151105404964577), ('frontend', 0.1597722709314635), ('checkoutservice', 0.04359673607352458), ('currencyservice', 0.027912314829315662), ('shippingservice', 0.02791099145354835), ('cartservice', 0.026925440260811395), ('redis-cart', 0.022886837554354292), ('adservice', 0.02056775551613562), ('emailservice', 0.007343235937412731), ('paymentservice', 0.007343235937412731), ('unknown', 0.0)]"
Tue Feb 16 14:50:20 2021,productcatalogservice,svc_latency,"[('recommendationservice', 0.3422369416578573), ('productcatalogservice', 0.3162946281441774), ('frontend', 0.16362224425185606), ('checkoutservice', 0.03901635939838589), ('currencyservice', 0.027618355491785783), ('shippingservice', 0.027617362512716404), ('cartservice', 0.026669359156462694), ('redis-cart', 0.02266915567339809), ('adservice', 0.02097913131207273), ('emailservice', 0.006638231200643673), ('paymentservice', 0.006638231200643673), ('unknown', 0.0)]"
Tue Feb 16 14:50:28 2021,productcatalogservice,svc_latency,"[('recommendationservice', 0.2805404800638758), ('productcatalogservice', 0.272078237481341), ('frontend', 0.17195146312671597), ('checkoutservice', 0.08993963828818913), ('currencyservice', 0.035764470694940015), ('shippingservice', 0.03576376759188434), ('cartservice', 0.03480272029516316), ('redis-cart', 0.029582670988297442), ('adservice', 0.021950983714175372), ('emailservice', 0.013812783877708967), ('paymentservice', 0.013812783877708967), ('unknown', 0.0)]"
Tue Feb 16 14:50:36 2021,productcatalogservice,svc_latency,"[('recommendationservice', 0.29252621495900577), ('productcatalogservice', 0.28068855433508516), ('frontend', 0.14733435951891577), ('checkoutservice', 0.09987286403237557), ('currencyservice', 0.034266853949569645), ('shippingservice', 0.03426621972533432), ('cartservice', 0.03325236792768308), ('redis-cart', 0.02826425078357405), ('adservice', 0.01900412468221239), ('emailservice', 0.015262095043121928), ('paymentservice', 0.015262095043121928), ('unknown', 0.0)]"
Tue Feb 16 14:50:44 2021,productcatalogservice,svc_latency,"[('recommendationservice', 0.25506948782694794), ('productcatalogservice', 0.2539652654864773), ('checkoutservice', 0.15097995770079414), ('frontend', 0.12986847654323116), ('currencyservice', 0.03905520464404684), ('shippingservice', 0.03905478820315361), ('cartservice', 0.03817009411326132), ('redis-cart', 0.03244500200392619), ('paymentservice', 0.02233693527500779), ('emailservice', 0.02233693527500779), ('adservice', 0.016717852928145822), ('unknown', 0.0)]"
Tue Feb 16 14:50:52 2021,productcatalogservice,svc_latency,"[('productcatalogservice', 0.22995773223152277), ('recommendationservice', 0.22171411059381446), ('checkoutservice', 0.16540535540754037), ('frontend', 0.14878157130374586), ('currencyservice', 0.04360930919816205), ('shippingservice', 0.043608711854558405), ('cartservice', 0.0426095014725862), ('redis-cart', 0.036217600166317664), ('emailservice', 0.024487395917193833), ('paymentservice', 0.024487395917193833), ('adservice', 0.019121315937364575), ('unknown', 0.0)]"
Tue Feb 16 14:51:00 2021,productcatalogservice,svc_latency,"[('productcatalogservice', 0.2372657514031635), ('recommendationservice', 0.23190349905270816), ('checkoutservice', 0.18085576892451008), ('frontend', 0.11964488726083183), ('currencyservice', 0.042384197609375146), ('shippingservice', 0.04238339954710461), ('cartservice', 0.04131923552821446), ('redis-cart', 0.03512172455132361), ('paymentservice', 0.026738136575664467), ('emailservice', 0.026738136575664467), ('adservice', 0.01564526297144014), ('unknown', 0.0)]"
Tue Feb 16 14:51:08 2021,productcatalogservice,svc_latency,"[('productcatalogservice', 0.22506910970236224), ('recommendationservice', 0.21478647305515947), ('checkoutservice', 0.20446604585638753), ('frontend', 0.11147457697305511), ('currencyservice', 0.044544148969299965), ('shippingservice', 0.04454313114344146), ('cartservice', 0.04356030304525431), ('redis-cart', 0.037026647239395534), ('emailservice', 0.029986432872202665), ('paymentservice', 0.029986432872202665), ('adservice', 0.014556698271238793), ('unknown', 0.0)]"
Tue Feb 16 14:51:16 2021,productcatalogservice,svc_latency,"[('checkoutservice', 0.21829594169588415), ('productcatalogservice', 0.21801803117024382), ('recommendationservice', 0.20489333726501574), ('frontend', 0.10652333025059876), ('currencyservice', 0.04579619778530901), ('shippingservice', 0.045795114519717676), ('cartservice', 0.04485940007969724), ('redis-cart', 0.03813088977863508), ('paymentservice', 0.03189264293518024), ('emailservice', 0.03189264293518024), ('adservice', 0.01390247158453744), ('unknown', 0.0)]"
Tue Feb 16 14:51:24 2021,productcatalogservice,svc_latency,"[('productcatalogservice', 0.22918593241436713), ('recommendationservice', 0.22054478446560322), ('checkoutservice', 0.19593964788100107), ('frontend', 0.11501732939830514), ('currencyservice', 0.04379087705008467), ('shippingservice', 0.04378952033091718), ('cartservice', 0.042784552382276596), ('redis-cart', 0.03636724965858356), ('emailservice', 0.028790586087944024), ('paymentservice', 0.028790586087944024), ('adservice', 0.01499893424297316), ('unknown', 0.0)]"
Tue Feb 16 14:54:33 2021,recommendationservice,svc_latency,"[('checkoutservice', 0.19343261780970442), ('productcatalogservice', 0.12296961998382475), ('shippingservice', 0.1048672757505438), ('currencyservice', 0.1044074534425882), ('recommendationservice', 0.10211402771835881), ('cartservice', 0.07235016690681809), ('frontend', 0.07221265611508798), ('paymentservice', 0.0615075321521868), ('emailservice', 0.0615075321521868), ('redis-cart', 0.061497220262236), ('adservice', 0.04313389770646437), ('unknown', 0.0)]"
Tue Feb 16 14:54:57 2021,recommendationservice,svc_latency,"[('recommendationservice', 0.20258617861352335), ('productcatalogservice', 0.1867740350619079), ('shippingservice', 0.1094897601604851), ('currencyservice', 0.10885671781618902), ('checkoutservice', 0.08527070842314965), ('cartservice', 0.06384424153843467), ('emailservice', 0.05920096434829994), ('paymentservice', 0.05920096434829994), ('redis-cart', 0.054267659893989705), ('adservice', 0.049962039102962846), ('frontend', 0.020546730692757482), ('unknown', 0.0)]"
Tue Feb 16 14:55:05 2021,recommendationservice,svc_latency,"[('recommendationservice', 0.4761368123637086), ('productcatalogservice', 0.40762817052733735), ('shippingservice', 0.020618431968894804), ('currencyservice', 0.02058196503840353), ('checkoutservice', 0.01601586186106614), ('cartservice', 0.011899097190928751), ('paymentservice', 0.011100460508612107), ('emailservice', 0.011100460508612107), ('redis-cart', 0.010114272702515003), ('adservice', 0.009538712955975814), ('frontend', 0.005265754373945347), ('unknown', 0.0)]"
Tue Feb 16 14:55:13 2021,recommendationservice,svc_latency,"[('recommendationservice', 0.4862361125176261), ('productcatalogservice', 0.4180243766605844), ('frontend', 0.027105594639335928), ('shippingservice', 0.012441134763719153), ('currencyservice', 0.012435934038803107), ('checkoutservice', 0.010081283990387206), ('cartservice', 0.008611017239925627), ('redis-cart', 0.007319358229927766), ('adservice', 0.007177512298868732), ('paymentservice', 0.005283837810411362), ('emailservice', 0.005283837810411362), ('unknown', 0.0)]"
Tue Feb 16 14:55:21 2021,recommendationservice,svc_latency,"[('recommendationservice', 0.4721308431245444), ('productcatalogservice', 0.4081696230051661), ('frontend', 0.04327648463238573), ('shippingservice', 0.013688354946040678), ('currencyservice', 0.013686085246839806), ('checkoutservice', 0.011286873211213643), ('cartservice', 0.010292062989519055), ('redis-cart', 0.008748223482730456), ('adservice', 0.00869599646931274), ('paymentservice', 0.0050127264461240165), ('emailservice', 0.0050127264461240165), ('unknown', 0.0)]"
Tue Feb 16 14:55:29 2021,recommendationservice,svc_latency,"[('recommendationservice', 0.43584451698985377), ('productcatalogservice', 0.38199099610259885), ('frontend', 0.07678080400808004), ('currencyservice', 0.01868525649365825), ('shippingservice', 0.0186849635742214), ('checkoutservice', 0.015551554114353635), ('cartservice', 0.015120392302762863), ('adservice', 0.012929062908998472), ('redis-cart', 0.012852393915164762), ('paymentservice', 0.005780029795154436), ('emailservice', 0.005780029795154436), ('unknown', 0.0)]"
Tue Feb 16 14:55:37 2021,recommendationservice,svc_latency,"[('recommendationservice', 0.4518395371529639), ('productcatalogservice', 0.39346176083116347), ('frontend', 0.0614288331874672), ('currencyservice', 0.016627225476194125), ('shippingservice', 0.01662607782903394), ('checkoutservice', 0.013713190485811355), ('cartservice', 0.013026586109375349), ('adservice', 0.011098531415610995), ('redis-cart', 0.01107264472356315), ('emailservice', 0.005552806394408548), ('paymentservice', 0.005552806394408548), ('unknown', 0.0)]"
Tue Feb 16 14:55:45 2021,recommendationservice,svc_latency,"[('recommendationservice', 0.431730738961573), ('productcatalogservice', 0.3792032758850196), ('frontend', 0.08238965402947057), ('currencyservice', 0.018876873001160227), ('shippingservice', 0.018875285206853807), ('checkoutservice', 0.015695782192968598), ('cartservice', 0.015561032489268156), ('adservice', 0.013348502241983511), ('redis-cart', 0.013226793664288894), ('paymentservice', 0.0055460311637068865), ('emailservice', 0.0055460311637068865), ('unknown', 0.0)]"
Tue Feb 16 14:55:53 2021,recommendationservice,svc_latency,"[('recommendationservice', 0.40299705692623966), ('productcatalogservice', 0.35812139761139744), ('frontend', 0.10527216507431322), ('currencyservice', 0.02361551036818981), ('shippingservice', 0.02361328077980693), ('checkoutservice', 0.0196774340827721), ('cartservice', 0.019601056338844118), ('adservice', 0.01682512870107826), ('redis-cart', 0.016660801969311266), ('paymentservice', 0.006808084074023746), ('emailservice', 0.006808084074023746), ('unknown', 0.0)]"
Tue Feb 16 14:56:01 2021,recommendationservice,svc_latency,"[('recommendationservice', 0.40286773014801947), ('productcatalogservice', 0.35805761313691165), ('frontend', 0.10565623724004307), ('currencyservice', 0.02356972072475578), ('shippingservice', 0.023567407467453918), ('checkoutservice', 0.01967369985720789), ('cartservice', 0.01960000666817676), ('adservice', 0.016824125274567163), ('redis-cart', 0.01665990793535211), ('emailservice', 0.0067617757737562425), ('paymentservice', 0.0067617757737562425), ('unknown', 0.0)]"
Tue Feb 16 14:56:09 2021,recommendationservice,svc_latency,"[('recommendationservice', 0.4229085245032429), ('productcatalogservice', 0.37234070323881224), ('frontend', 0.08545670287515608), ('currencyservice', 0.021188423044317548), ('shippingservice', 0.02118585197356022), ('checkoutservice', 0.017560766746424043), ('cartservice', 0.017031376541061016), ('adservice', 0.014554961626528593), ('redis-cart', 0.014476590781647862), ('paymentservice', 0.006648049334624703), ('emailservice', 0.006648049334624703), ('unknown', 0.0)]"
Tue Feb 16 14:56:17 2021,recommendationservice,svc_latency,"[('recommendationservice', 0.42302239251873824), ('productcatalogservice', 0.37244126689874757), ('frontend', 0.08553782399989172), ('currencyservice', 0.021133104578500518), ('shippingservice', 0.021130471390672624), ('checkoutservice', 0.017517482320018173), ('cartservice', 0.01700450032777047), ('adservice', 0.014534199378436361), ('redis-cart', 0.014453744564404267), ('paymentservice', 0.006612507011410007), ('emailservice', 0.006612507011410007), ('unknown', 0.0)]"
Tue Feb 16 14:56:25 2021,recommendationservice,svc_latency,"[('recommendationservice', 0.42224453893807173), ('productcatalogservice', 0.37190390416849844), ('frontend', 0.08642021753165037), ('currencyservice', 0.02118254581076284), ('shippingservice', 0.021180042619967598), ('checkoutservice', 0.01763556958968527), ('cartservice', 0.017106275028435973), ('adservice', 0.01460224739503578), ('redis-cart', 0.014540252869157376), ('emailservice', 0.0065922030243674035), ('paymentservice', 0.0065922030243674035), ('unknown', 0.0)]"
Tue Feb 16 14:59:33 2021,paymentservice,svc_latency,"[('checkoutservice', 0.4235976940323363), ('productcatalogservice', 0.08661501631940358), ('currencyservice', 0.07955910561109412), ('shippingservice', 0.07931880156646279), ('cartservice', 0.07360433708258535), ('paymentservice', 0.06904786249415495), ('emailservice', 0.06860323947460195), ('redis-cart', 0.06256311939331065), ('recommendationservice', 0.028802804493663747), ('frontend', 0.017478543134412914), ('adservice', 0.010809476397973925), ('unknown', 0.0)]"
Tue Feb 16 14:59:41 2021,paymentservice,svc_latency,"[('checkoutservice', 0.4514051428980527), ('currencyservice', 0.08381561187419426), ('shippingservice', 0.08356522348892204), ('cartservice', 0.07702310203851012), ('paymentservice', 0.07394577634764149), ('emailservice', 0.07347011655248946), ('productcatalogservice', 0.06997321950300779), ('redis-cart', 0.06547031902628028), ('adservice', 0.01019498100634891), ('recommendationservice', 0.006413104752668361), ('frontend', 0.004723402511884181), ('unknown', 0.0)]"
Tue Feb 16 14:59:49 2021,paymentservice,svc_latency,"[('checkoutservice', 0.44778271207352804), ('currencyservice', 0.08489453024646568), ('shippingservice', 0.08466786670070295), ('cartservice', 0.07697430470171625), ('paymentservice', 0.07423103449567836), ('emailservice', 0.0737588961679218), ('productcatalogservice', 0.06972396846343935), ('redis-cart', 0.06542865238739652), ('adservice', 0.011006158062890094), ('recommendationservice', 0.006709253234059697), ('frontend', 0.0048226234662006665), ('unknown', 0.0)]"
Tue Feb 16 14:59:57 2021,paymentservice,svc_latency,"[('checkoutservice', 0.3840692244852239), ('paymentservice', 0.18725708276402073), ('currencyservice', 0.07701220406520823), ('shippingservice', 0.0768881123618281), ('cartservice', 0.06760688671884423), ('emailservice', 0.06535139849889653), ('productcatalogservice', 0.06090442798799684), ('redis-cart', 0.057466517222912614), ('adservice', 0.01160407539949305), ('recommendationservice', 0.006941236806267814), ('frontend', 0.004898833689307965), ('unknown', 0.0)]"
Tue Feb 16 15:00:05 2021,paymentservice,svc_latency,"[('paymentservice', 0.4627703315262641), ('checkoutservice', 0.22414055813116415), ('currencyservice', 0.05826274432158908), ('shippingservice', 0.058227828807423054), ('cartservice', 0.04621933661486203), ('emailservice', 0.04465405200034898), ('redis-cart', 0.03928689378840386), ('productcatalogservice', 0.039250918923485666), ('adservice', 0.013617167444957353), ('recommendationservice', 0.008029517832755328), ('frontend', 0.0055406506087463695), ('unknown', 0.0)]"
Tue Feb 16 15:00:13 2021,paymentservice,svc_latency,"[('paymentservice', 0.7173921606015441), ('checkoutservice', 0.10388357268235869), ('currencyservice', 0.03398620648910007), ('shippingservice', 0.03397138966487347), ('cartservice', 0.02526626787153925), ('emailservice', 0.02410036242649154), ('redis-cart', 0.02147594795062317), ('productcatalogservice', 0.02017212683811699), ('adservice', 0.009892586736376115), ('recommendationservice', 0.005844375546725139), ('frontend', 0.004015003192251551), ('unknown', 0.0)]"
Tue Feb 16 15:00:21 2021,paymentservice,svc_latency,"[('paymentservice', 0.7318978641546354), ('checkoutservice', 0.10106702447511605), ('currencyservice', 0.03163413747478906), ('shippingservice', 0.031624304490446384), ('cartservice', 0.023810741496214254), ('emailservice', 0.022752082352134252), ('redis-cart', 0.020238775284039737), ('productcatalogservice', 0.019223622110622535), ('adservice', 0.008888231750532775), ('recommendationservice', 0.005256205568836351), ('frontend', 0.0036070108426330245), ('unknown', 0.0)]"
Tue Feb 16 15:00:29 2021,paymentservice,svc_latency,"[('paymentservice', 0.6289190519138483), ('checkoutservice', 0.16076145840967054), ('currencyservice', 0.038823572805949315), ('shippingservice', 0.038814343942256746), ('cartservice', 0.03158076419863371), ('emailservice', 0.0305923828366612), ('productcatalogservice', 0.02727868344229521), ('redis-cart', 0.02684384367710932), ('adservice', 0.008234392464048192), ('recommendationservice', 0.004823592488958194), ('frontend', 0.0033279138205692537), ('unknown', 0.0)]"
Tue Feb 16 15:00:37 2021,paymentservice,svc_latency,"[('paymentservice', 0.6320006986907173), ('checkoutservice', 0.16191691073066905), ('currencyservice', 0.03792438355931095), ('shippingservice', 0.037915694172942424), ('cartservice', 0.031154618475441025), ('emailservice', 0.03023885831233044), ('productcatalogservice', 0.02710914304506533), ('redis-cart', 0.02648162320853703), ('adservice', 0.007695622731922125), ('recommendationservice', 0.0044643955112409405), ('frontend', 0.0030980515618233622), ('unknown', 0.0)]"
Tue Feb 16 15:00:45 2021,paymentservice,svc_latency,"[('paymentservice', 0.57012079984842), ('checkoutservice', 0.19010289274926986), ('currencyservice', 0.044081292223922104), ('shippingservice', 0.04407131003124343), ('cartservice', 0.0363257376451305), ('emailservice', 0.03528600294525454), ('productcatalogservice', 0.031686539006478), ('redis-cart', 0.030877233952073504), ('adservice', 0.00881490744280327), ('recommendationservice', 0.005088083164651751), ('frontend', 0.0035452009907528505), ('unknown', 0.0)]"
Tue Feb 16 15:00:53 2021,paymentservice,svc_latency,"[('paymentservice', 0.5650642370816199), ('checkoutservice', 0.19511244233469127), ('currencyservice', 0.04392025311322245), ('shippingservice', 0.04391016170041582), ('cartservice', 0.03660235382928624), ('emailservice', 0.03557006842537006), ('productcatalogservice', 0.03213642268086103), ('redis-cart', 0.031112388107097023), ('adservice', 0.008382401357855599), ('recommendationservice', 0.004805508536370566), ('frontend', 0.0033837628332093125), ('unknown', 0.0)]"
Tue Feb 16 15:01:01 2021,paymentservice,svc_latency,"[('paymentservice', 0.5632102772686407), ('checkoutservice', 0.1975031306791129), ('currencyservice', 0.04371557931205221), ('shippingservice', 0.043705354830738764), ('cartservice', 0.03668422088183457), ('emailservice', 0.03564300639447496), ('productcatalogservice', 0.03232234795680535), ('redis-cart', 0.031181989893864226), ('adservice', 0.008109283027121625), ('recommendationservice', 0.004639928324480749), ('frontend', 0.0032848814308735997), ('unknown', 0.0)]"
Tue Feb 16 15:01:09 2021,paymentservice,svc_latency,"[('paymentservice', 0.5582011833699579), ('checkoutservice', 0.20126162148867902), ('currencyservice', 0.0438248866559867), ('shippingservice', 0.043814800086319536), ('cartservice', 0.037050151760947454), ('emailservice', 0.0359676194821652), ('productcatalogservice', 0.032741664894764475), ('redis-cart', 0.031493054667633774), ('adservice', 0.007905089895662392), ('recommendationservice', 0.004515471134338467), ('frontend', 0.0032244565635452475), ('unknown', 0.0)]"
Tue Feb 16 15:01:17 2021,paymentservice,svc_latency,"[('paymentservice', 0.6310745378573386), ('checkoutservice', 0.15556012171640812), ('currencyservice', 0.03953369791290672), ('shippingservice', 0.0395227063268959), ('cartservice', 0.03185699705752345), ('emailservice', 0.03055449729351525), ('redis-cart', 0.027078621082796326), ('productcatalogservice', 0.026883301913813728), ('adservice', 0.009048536410198553), ('recommendationservice', 0.005169698552169376), ('frontend', 0.003717283876434132), ('unknown', 0.0)]"
Tue Feb 16 15:01:25 2021,paymentservice,svc_latency,"[('paymentservice', 0.6309498845955928), ('checkoutservice', 0.15590012826138444), ('currencyservice', 0.03945591315805912), ('shippingservice', 0.039445252516835644), ('cartservice', 0.031879878500493924), ('emailservice', 0.03054085669684644), ('redis-cart', 0.02709807166407355), ('productcatalogservice', 0.02690314841789771), ('adservice', 0.008987357055184367), ('recommendationservice', 0.005138739017329477), ('frontend', 0.0037007701163033592), ('unknown', 0.0)]"
Tue Feb 16 15:14:35 2021,currencyservice,svc_latency,"[('checkoutservice', 0.2632315732985406), ('cartservice', 0.14138856773320166), ('redis-cart', 0.12018033139875021), ('currencyservice', 0.1053886747976301), ('shippingservice', 0.10534118500326253), ('paymentservice', 0.07094389884802545), ('emailservice', 0.07048123423312597), ('productcatalogservice', 0.05523539277067614), ('adservice', 0.03490890521298122), ('recommendationservice', 0.019145224331479232), ('frontend', 0.013755012372326401), ('unknown', 0.0)]"
Tue Feb 16 15:14:59 2021,currencyservice,svc_latency,"[('currencyservice', 0.4673833012837453), ('checkoutservice', 0.20804677211586153), ('frontend', 0.07188942099432838), ('productcatalogservice', 0.04696160042040112), ('shippingservice', 0.04354761550249006), ('cartservice', 0.04116781637413807), ('redis-cart', 0.03499220544699423), ('paymentservice', 0.03215895082516017), ('emailservice', 0.03214573540461643), ('adservice', 0.011401880097873632), ('recommendationservice', 0.010304701534390812), ('unknown', 0.0)]"
Tue Feb 16 15:15:07 2021,currencyservice,svc_latency,"[('currencyservice', 0.5002212855349493), ('checkoutservice', 0.19681863332695906), ('frontend', 0.07041076740079194), ('productcatalogservice', 0.044448639396032934), ('shippingservice', 0.039411826614441904), ('cartservice', 0.03809088618082442), ('redis-cart', 0.032376998775850666), ('paymentservice', 0.029376546395599744), ('emailservice', 0.029372281904148125), ('adservice', 0.010041272023136965), ('recommendationservice', 0.009430862447264444), ('unknown', 0.0)]"
Tue Feb 16 15:15:15 2021,currencyservice,svc_latency,"[('currencyservice', 0.5500107367069758), ('checkoutservice', 0.17755792940174261), ('frontend', 0.06458474985438396), ('productcatalogservice', 0.04016287134176924), ('shippingservice', 0.03499736542489627), ('cartservice', 0.034107255270764116), ('redis-cart', 0.028992260827595467), ('paymentservice', 0.026156791901572045), ('emailservice', 0.026154479933363645), ('adservice', 0.008844774885351537), ('recommendationservice', 0.00843078445158539), ('unknown', 0.0)]"
Tue Feb 16 15:15:23 2021,currencyservice,svc_latency,"[('currencyservice', 0.5309469811118999), ('checkoutservice', 0.1624522706133878), ('frontend', 0.09015860595405473), ('productcatalogservice', 0.04378111950477916), ('shippingservice', 0.03605119458945049), ('cartservice', 0.03510439779802363), ('redis-cart', 0.02983872234614776), ('paymentservice', 0.024060469766816715), ('emailservice', 0.024058702655230236), ('adservice', 0.011995380684370538), ('recommendationservice', 0.011552154975838988), ('unknown', 0.0)]"
Tue Feb 16 15:15:31 2021,currencyservice,svc_latency,"[('currencyservice', 0.5539440564302158), ('checkoutservice', 0.17275291342894714), ('frontend', 0.06678665492872615), ('productcatalogservice', 0.04002072059169236), ('shippingservice', 0.03481687746405926), ('cartservice', 0.03379233066357467), ('redis-cart', 0.028724511160517205), ('paymentservice', 0.025591856459430202), ('emailservice', 0.025590201043171744), ('adservice', 0.009230081547478983), ('recommendationservice', 0.008749796282186369), ('unknown', 0.0)]"
Tue Feb 16 15:15:39 2021,currencyservice,svc_latency,"[('currencyservice', 0.5489437122031143), ('checkoutservice', 0.17311964724502163), ('frontend', 0.06927792256196579), ('productcatalogservice', 0.0406183178266164), ('shippingservice', 0.035134947777357754), ('cartservice', 0.03411025114957565), ('redis-cart', 0.02899481184143439), ('paymentservice', 0.02562528124037316), ('emailservice', 0.02562395809634244), ('adservice', 0.009515342590814789), ('recommendationservice', 0.009035807467383361), ('unknown', 0.0)]"
Tue Feb 16 15:15:47 2021,currencyservice,svc_latency,"[('currencyservice', 0.5937169597798577), ('checkoutservice', 0.14141866824337015), ('frontend', 0.07626541652320652), ('productcatalogservice', 0.037728582812422765), ('shippingservice', 0.03162996164377333), ('cartservice', 0.030529595747000073), ('redis-cart', 0.0259506878539933), ('paymentservice', 0.021202944530622915), ('emailservice', 0.021201761310203113), ('adservice', 0.010434052163067278), ('recommendationservice', 0.009921369392483078), ('unknown', 0.0)]"
Tue Feb 16 15:15:55 2021,currencyservice,svc_latency,"[('currencyservice', 0.5584429959053879), ('checkoutservice', 0.16672558745171898), ('frontend', 0.0691983823525724), ('productcatalogservice', 0.03983588459983267), ('shippingservice', 0.03481111224633063), ('cartservice', 0.033491562157247315), ('redis-cart', 0.028468771984715778), ('paymentservice', 0.025015269729177433), ('emailservice', 0.02501396411232808), ('adservice', 0.009804133839861041), ('recommendationservice', 0.009192335620827096), ('unknown', 0.0)]"
Tue Feb 16 15:16:03 2021,currencyservice,svc_latency,"[('currencyservice', 0.5550273149136952), ('checkoutservice', 0.1673135680035391), ('frontend', 0.07050603147219206), ('productcatalogservice', 0.040212619534620825), ('shippingservice', 0.0350490725743101), ('cartservice', 0.03372285258020973), ('redis-cart', 0.028665411514497845), ('paymentservice', 0.02509634005753942), ('emailservice', 0.025095199913795434), ('adservice', 0.009960854599225433), ('recommendationservice', 0.009350734836374575), ('unknown', 0.0)]"
Tue Feb 16 15:16:11 2021,currencyservice,svc_latency,"[('currencyservice', 0.5614990050915043), ('checkoutservice', 0.16454215707375003), ('frontend', 0.06983809905969979), ('productcatalogservice', 0.039659288108611655), ('shippingservice', 0.03452849164077567), ('cartservice', 0.033221365546243144), ('redis-cart', 0.02823906657660317), ('paymentservice', 0.024680098646849807), ('emailservice', 0.024679156721109298), ('adservice', 0.00985618676615111), ('recommendationservice', 0.009257084768702073), ('unknown', 0.0)]"
Tue Feb 16 15:16:19 2021,currencyservice,svc_latency,"[('currencyservice', 0.5588616604342448), ('checkoutservice', 0.16494169387743843), ('frontend', 0.07088356133192021), ('productcatalogservice', 0.03995286149998305), ('shippingservice', 0.03471695063596103), ('cartservice', 0.033401703348090804), ('redis-cart', 0.02839238505244751), ('paymentservice', 0.024738861099591974), ('emailservice', 0.024738212395625354), ('adservice', 0.009985598233249706), ('recommendationservice', 0.009386512091446976), ('unknown', 0.0)]"
Tue Feb 16 15:16:27 2021,currencyservice,svc_latency,"[('currencyservice', 0.5649308513987139), ('checkoutservice', 0.14398866159189905), ('frontend', 0.08737354861247423), ('productcatalogservice', 0.04082822404979787), ('shippingservice', 0.034330608811716984), ('cartservice', 0.03275494355805209), ('redis-cart', 0.02784246851989866), ('paymentservice', 0.02206016900473647), ('emailservice', 0.022059711311209707), ('adservice', 0.012278171867451176), ('recommendationservice', 0.011552641274049645), ('unknown', 0.0)]"
Tue Feb 16 15:26:52 2021,cartservice,svc_latency,"[('cartservice', 0.34095248121825156), ('redis-cart', 0.2898071452659299), ('checkoutservice', 0.15924433278497638), ('frontend', 0.03925128482152306), ('shippingservice', 0.03480139859566876), ('currencyservice', 0.034796355495805925), ('productcatalogservice', 0.033177539220266526), ('emailservice', 0.026292686837677486), ('paymentservice', 0.026292686837677486), ('adservice', 0.008499469041687451), ('recommendationservice', 0.006884619880535734), ('unknown', 0.0)]"
Tue Feb 16 15:27:00 2021,cartservice,svc_latency,"[('cartservice', 0.37764075760109717), ('redis-cart', 0.3209975141156514), ('checkoutservice', 0.1354576328751365), ('frontend', 0.033452663537675204), ('productcatalogservice', 0.02748587043030142), ('shippingservice', 0.026407249383898188), ('currencyservice', 0.026406394323788756), ('emailservice', 0.02076630367249507), ('paymentservice', 0.02076630367249507), ('adservice', 0.005638438463094186), ('recommendationservice', 0.004980871924366845), ('unknown', 0.0)]"
Tue Feb 16 15:27:08 2021,cartservice,svc_latency,"[('cartservice', 0.35148783896746555), ('redis-cart', 0.2987617016787949), ('checkoutservice', 0.1663868616530373), ('frontend', 0.034308656388689615), ('productcatalogservice', 0.03168972149640497), ('currencyservice', 0.029432577355015137), ('shippingservice', 0.029432463961254648), ('emailservice', 0.024418474335299103), ('paymentservice', 0.024418474335299103), ('adservice', 0.005013270672714936), ('recommendationservice', 0.004649959156025132), ('unknown', 0.0)]"
Tue Feb 16 15:27:16 2021,cartservice,svc_latency,"[('cartservice', 0.37182186964910197), ('redis-cart', 0.31605143799336943), ('checkoutservice', 0.1503267610149774), ('frontend', 0.02929937396784131), ('productcatalogservice', 0.028187736284147183), ('currencyservice', 0.026149404009187978), ('shippingservice', 0.026149196762216078), ('paymentservice', 0.021943733017632493), ('emailservice', 0.021943733017632493), ('adservice', 0.004205047370713263), ('recommendationservice', 0.00392170691318042), ('unknown', 0.0)]"
Tue Feb 16 15:27:24 2021,cartservice,svc_latency,"[('cartservice', 0.334520881047054), ('redis-cart', 0.28434042451327324), ('checkoutservice', 0.18617196384469226), ('frontend', 0.034392775644958726), ('productcatalogservice', 0.034349365323842584), ('currencyservice', 0.031616307378676406), ('shippingservice', 0.03161609376617519), ('paymentservice', 0.02690688876442908), ('emailservice', 0.02690688876442908), ('adservice', 0.004709007168460024), ('recommendationservice', 0.004469403784009796), ('unknown', 0.0)]"
Tue Feb 16 15:27:32 2021,cartservice,svc_latency,"[('cartservice', 0.3299084281275432), ('redis-cart', 0.2804247493475132), ('checkoutservice', 0.1908124425564681), ('productcatalogservice', 0.03503398032072024), ('frontend', 0.034354632430826065), ('currencyservice', 0.03243717092518675), ('shippingservice', 0.03243694567174036), ('paymentservice', 0.027648604450904085), ('emailservice', 0.027648604450904085), ('adservice', 0.0047882237977928885), ('recommendationservice', 0.00450621792040103), ('unknown', 0.0)]"
Tue Feb 16 15:27:40 2021,cartservice,svc_latency,"[('cartservice', 0.33035653911108787), ('redis-cart', 0.28080571524394116), ('checkoutservice', 0.19064878805648638), ('productcatalogservice', 0.034948477117868484), ('frontend', 0.034121783893659684), ('currencyservice', 0.03234875063861797), ('shippingservice', 0.03234846901992859), ('paymentservice', 0.027606932383650046), ('emailservice', 0.027606932383650046), ('adservice', 0.004741455078137797), ('recommendationservice', 0.004466157072971994), ('unknown', 0.0)]"
Tue Feb 16 15:27:48 2021,cartservice,svc_latency,"[('cartservice', 0.3271476822004772), ('redis-cart', 0.27807798394314776), ('checkoutservice', 0.19390461165106462), ('productcatalogservice', 0.03546611099511443), ('frontend', 0.03441265010166032), ('currencyservice', 0.03281578810638477), ('shippingservice', 0.032815426685147114), ('emailservice', 0.028053390089916405), ('paymentservice', 0.028053390089916405), ('adservice', 0.004762001542601467), ('recommendationservice', 0.00449096459456892), ('unknown', 0.0)]"
Tue Feb 16 15:27:56 2021,cartservice,svc_latency,"[('cartservice', 0.29372930873270986), ('redis-cart', 0.249667877280643), ('checkoutservice', 0.22438393340814233), ('productcatalogservice', 0.041016812372806785), ('frontend', 0.039738626026822085), ('currencyservice', 0.037943537306525554), ('shippingservice', 0.03794308878814189), ('paymentservice', 0.032452547401632614), ('emailservice', 0.032452547401632614), ('adservice', 0.005490517102270107), ('recommendationservice', 0.005181204178672733), ('unknown', 0.0)]"
Tue Feb 16 15:28:04 2021,cartservice,svc_latency,"[('cartservice', 0.32524355870462623), ('redis-cart', 0.2764591433883741), ('checkoutservice', 0.19514170196493535), ('productcatalogservice', 0.03572467680837987), ('frontend', 0.03444111734313446), ('currencyservice', 0.03333562878494608), ('shippingservice', 0.033335056915050926), ('paymentservice', 0.028399106529545783), ('emailservice', 0.028399106529545783), ('adservice', 0.004935950385505143), ('recommendationservice', 0.004584952645956717), ('unknown', 0.0)]"
Tue Feb 16 15:28:12 2021,cartservice,svc_latency,"[('cartservice', 0.323834516587312), ('redis-cart', 0.2752566450849574), ('checkoutservice', 0.19650913013944402), ('productcatalogservice', 0.03595837466952823), ('frontend', 0.034637300883490284), ('currencyservice', 0.0335384514818504), ('shippingservice', 0.03353786043494582), ('emailservice', 0.028585207657846275), ('paymentservice', 0.028585207657846275), ('adservice', 0.0049526527770995445), ('recommendationservice', 0.004604652625679264), ('unknown', 0.0)]"
Tue Feb 16 15:28:21 2021,cartservice,svc_latency,"[('cartservice', 0.32441928741860115), ('redis-cart', 0.27575848004090137), ('checkoutservice', 0.19600338834840147), ('productcatalogservice', 0.03586154079982709), ('frontend', 0.034535602749592983), ('currencyservice', 0.03344212987615015), ('shippingservice', 0.033441533997102715), ('emailservice', 0.02850764389765165), ('paymentservice', 0.02850764389765165), ('adservice', 0.004933890099451066), ('recommendationservice', 0.004588858874667995), ('unknown', 0.0)]"
Tue Feb 16 15:28:29 2021,cartservice,svc_latency,"[('cartservice', 0.323343889253473), ('redis-cart', 0.274839630699238), ('checkoutservice', 0.19705805745970628), ('productcatalogservice', 0.036038236215287685), ('frontend', 0.03467165330185698), ('currencyservice', 0.033598445714363885), ('shippingservice', 0.03359792069244965), ('emailservice', 0.028652034604714757), ('paymentservice', 0.028652034604714757), ('adservice', 0.004945886087734892), ('recommendationservice', 0.004602211366460025), ('unknown', 0.0)]"
